== Activating: file_watcher
== Activating: front_matter
== Activating: data
== Activating: inline_url_rewriter
== Activating: sitemap_ondisk
== Activating: sitemap_import
== Activating: sitemap_endpoint
== Activating: sitemap_proxies
== Activating: sitemap_redirects
== Activating: sitemap_move_files
== Activating: sitemap_ignore
== Activating: external_helpers
== Activating: erb_renderer
== Activating: coffee_renderer
== Activating: haml_renderer
== Activating: sass_renderer
== Activating: markdown_renderer
== Failed Activation `liquid_renderer` : cannot load such file -- liquid
== Failed Activation `slim_renderer` : cannot load such file -- slim
== Activating: less_renderer
== Activating: default_helpers
== Activating: lorem
== Activating: routing
== Activating: collections
== Change (#<Set: {:data}>): social.yml
== Change (#<Set: {:data}>): site_info.yml
== Rebuilding resource list
== Requesting resource list rebuilding: touched_data_file
== Change (#<Set: {:source}>): index.html.erb
== Change (#<Set: {:source}>): tag.html.erb
== Change (#<Set: {:source}>): words/index.html.erb
== Change (#<Set: {:source}>): words/blog_template.erb
== Change (#<Set: {:source}>): words/articles/2020-02-09-basic-security-tips-is.html.md
== Change (#<Set: {:source}>): words/articles/2024-03-03-trying-macos.html.md
== Change (#<Set: {:source}>): words/articles/attachments/macos.png
== Change (#<Set: {:source, :no_frontmatter}>): _footer.erb
== Change (#<Set: {:source, :no_frontmatter}>): _header.erb
== Change (#<Set: {:source}>): apple-touch-icon.png
== Change (#<Set: {:source}>): CNAME
== Change (#<Set: {:source}>): .well-known/keybase.txt
== Change (#<Set: {:source}>): .well-known/security.txt
== Change (#<Set: {:source, :no_frontmatter}>): _headers
== Change (#<Set: {:source}>): 101.html.erb
== Change (#<Set: {:source, :no_frontmatter}>): _social_links.erb
== Change (#<Set: {:source}>): .nojekyll
== Change (#<Set: {:source}>): favicon.png
== Change (#<Set: {:source}>): layouts/page_layout.erb
== Change (#<Set: {:source}>): layouts/article_layout.erb
== Change (#<Set: {:source}>): layouts/base_layout.erb
== Change (#<Set: {:source}>): security.html.erb
== Change (#<Set: {:source}>): javascripts/all.js
== Change (#<Set: {:source}>): javascripts/theme_switcher.js
== Change (#<Set: {:source}>): files/Olafur-Gudmundsson-CV-English.pdf
== Change (#<Set: {:source}>): files/ccpwp.jpg
== Change (#<Set: {:source}>): cv.html.erb
== Change (#<Set: {:source, :no_frontmatter}>): _insights_analytics.html.erb
== Change (#<Set: {:source}>): feed.xml.builder
== Change (#<Set: {:source}>): stylesheets/syntax.css.erb
== Change (#<Set: {:source}>): stylesheets/all.css.scss
== Change (#<Set: {:source}>): stylesheets/normalize.css
== Rebuilding resource list
== Reading: Local config: config.rb
== Activating: directory_indexes
== Activating: syntax
== Activating: blog
== Activating: minify_css
== Activating: minify_javascript
== Requesting resource list rebuilding: first_run_change_import_file
Loaded extensions:
== Extension: file_watcher
== Extension: front_matter
== Extension: data
== Extension: inline_url_rewriter
== Extension: sitemap_ondisk
== Extension: sitemap_import
== Extension: sitemap_endpoint
== Extension: sitemap_proxies
== Extension: sitemap_redirects
== Extension: sitemap_move_files
== Extension: sitemap_ignore
== Extension: external_helpers
== Extension: erb_renderer
== Extension: coffee_renderer
== Extension: haml_renderer
== Extension: sass_renderer
== Extension: markdown_renderer
== Extension: less_renderer
== Extension: default_helpers
== Extension: lorem
== Extension: routing
== Extension: collections
== Extension: directory_indexes
== Extension: syntax
== Extension: blog instance_0
== Extension: minify_css
== Extension: minify_javascript
== Change (#<Set: {:data}>): social.yml
== Change (#<Set: {:data}>): site_info.yml
== Rebuilding resource list
== Requesting resource list rebuilding: touched_data_file
== Change (#<Set: {:source}>): index.html.erb
== Change (#<Set: {:source}>): tag.html.erb
== Change (#<Set: {:source}>): words/index.html.erb
== Change (#<Set: {:source}>): words/blog_template.erb
== Change (#<Set: {:source}>): words/articles/2020-02-09-basic-security-tips-is.html.md
== Change (#<Set: {:source}>): words/articles/2024-03-03-trying-macos.html.md
== Change (#<Set: {:source}>): words/articles/attachments/macos.png
== Change (#<Set: {:source, :no_frontmatter}>): _footer.erb
== Change (#<Set: {:source, :no_frontmatter}>): _header.erb
== Change (#<Set: {:source}>): apple-touch-icon.png
== Change (#<Set: {:source}>): CNAME
== Change (#<Set: {:source}>): .well-known/keybase.txt
== Change (#<Set: {:source}>): .well-known/security.txt
== Change (#<Set: {:source, :no_frontmatter}>): _headers
== Change (#<Set: {:source}>): 101.html.erb
== Change (#<Set: {:source, :no_frontmatter}>): _social_links.erb
== Change (#<Set: {:source}>): .nojekyll
== Change (#<Set: {:source}>): favicon.png
== Change (#<Set: {:source}>): layouts/page_layout.erb
== Change (#<Set: {:source}>): layouts/article_layout.erb
== Change (#<Set: {:source}>): layouts/base_layout.erb
== Change (#<Set: {:source}>): security.html.erb
== Change (#<Set: {:source}>): javascripts/all.js
== Change (#<Set: {:source}>): javascripts/theme_switcher.js
== Change (#<Set: {:source}>): files/Olafur-Gudmundsson-CV-English.pdf
== Change (#<Set: {:source}>): files/ccpwp.jpg
== Change (#<Set: {:source}>): cv.html.erb
== Change (#<Set: {:source, :no_frontmatter}>): _insights_analytics.html.erb
== Change (#<Set: {:source}>): feed.xml.builder
== Change (#<Set: {:source}>): stylesheets/syntax.css.erb
== Change (#<Set: {:source}>): stylesheets/all.css.scss
== Change (#<Set: {:source}>): stylesheets/normalize.css
== Rebuilding resource list
== Requesting resource list rebuilding: touched_file
== Requesting resource list rebuilding: registered_new_manipulator_front_matter
== Requesting resource list rebuilding: registered_new_manipulator_sitemap_ondisk
== Requesting resource list rebuilding: registered_new_manipulator_sitemap_import
== Requesting resource list rebuilding: registered_new_manipulator_sitemap_endpoint
== Requesting resource list rebuilding: registered_new_manipulator_sitemap_proxies
== Requesting resource list rebuilding: registered_new_manipulator_sitemap_redirects
== Requesting resource list rebuilding: registered_new_manipulator_sitemap_move_files
== Requesting resource list rebuilding: registered_new_manipulator_sitemap_ignore
== Requesting resource list rebuilding: registered_new_manipulator_routing
== Requesting resource list rebuilding: registered_new_manipulator_routing
== Requesting resource list rebuilding: registered_new_manipulator_collections
== Requesting resource list rebuilding: registered_new_manipulator_directory_indexes
== Requesting resource list rebuilding: first_run_change_ignore
== Requesting resource list rebuilding: registered_new_manipulator_blog_blog1_articles
== Requesting resource list rebuilding: first_run_change_ignore
== Requesting resource list rebuilding: registered_new_manipulator_blog_blog1_tags
== Requesting resource list rebuilding: registered_new_manipulator_blog_blog1_paginate
== Blog Sources: words/articles/{year}-{month}-{day}-{title}.html (:prefix + :sources)
== Rebuilding resource list
== Running manipulator: sitemap_ondisk (0)
== Running manipulator: sitemap_endpoint (0)
== Running manipulator: sitemap_proxies (0)
== Running manipulator: sitemap_redirects (0)
== Running manipulator: sitemap_ignore (0)
== Running manipulator: sitemap_import (1)
== Running manipulator: routing (10)
== Running manipulator: front_matter (20)
== Running manipulator: blog_blog1_articles (50)
== Running manipulator: blog_blog1_tags (50)
== Running manipulator: blog_blog1_paginate (50)
== Running manipulator: directory_indexes (100)
== Running manipulator: sitemap_move_files (101)
== Running manipulator: collections (110)
== Running manipulator: routing (130)
== Prerendering CSS
       error  build/stylesheets/normalize.css
       error  build/stylesheets/syntax.css
uninitialized constant #<Class:#<Middleman::ConfigContext:0x0000ffff843820a0>>::Uglifier
/app/config.rb:74:in 'block (2 levels) in Middleman::Application#evaluate_configuration!'
/usr/local/bundle/ruby/3.4.0/gems/middleman-core-4.6.2/lib/middleman-core/extensions/minify_javascript.rb:46:in 'Middleman::Extensions::MinifyJavascript::Rack#initialize'
/usr/local/bundle/ruby/3.4.0/gems/contracts-0.17.3/lib/contracts/method_reference.rb:45:in 'Contracts::MethodReference#send_to'
/usr/local/bundle/ruby/3.4.0/gems/contracts-0.17.3/lib/contracts/call_with.rb:107:in 'Contracts::CallWith#call_with_inner'
/usr/local/bundle/ruby/3.4.0/gems/contracts-0.17.3/lib/contracts/method_handler.rb:137:in 'block (2 levels) in Middleman::Extensions::MinifyJavascript::Rack#redefine_method'
/usr/local/bundle/ruby/3.4.0/gems/contracts-0.17.3/lib/contracts/method_handler.rb:136:in 'Array#each'
/usr/local/bundle/ruby/3.4.0/gems/contracts-0.17.3/lib/contracts/method_handler.rb:136:in 'block in Middleman::Extensions::MinifyJavascript::Rack#redefine_method'
/usr/local/bundle/ruby/3.4.0/gems/rack-3.1.19/lib/rack/builder.rb:164:in 'Class#new'
/usr/local/bundle/ruby/3.4.0/gems/rack-3.1.19/lib/rack/builder.rb:164:in 'block in Rack::Builder#use'
/usr/local/bundle/ruby/3.4.0/gems/rack-3.1.19/lib/rack/builder.rb:268:in 'block in Rack::Builder#to_app'
/usr/local/bundle/ruby/3.4.0/gems/rack-3.1.19/lib/rack/builder.rb:268:in 'Array#each'
/usr/local/bundle/ruby/3.4.0/gems/rack-3.1.19/lib/rack/builder.rb:268:in 'Enumerable#inject'
/usr/local/bundle/ruby/3.4.0/gems/rack-3.1.19/lib/rack/builder.rb:268:in 'Rack::Builder#to_app'
/usr/local/bundle/ruby/3.4.0/gems/rack-3.1.19/lib/rack/builder.rb:277:in 'Rack::Builder#call'
/usr/local/bundle/ruby/3.4.0/gems/rack-3.1.19/lib/rack/mock_request.rb:76:in 'Rack::MockRequest#request'
/usr/local/bundle/ruby/3.4.0/gems/rack-3.1.19/lib/rack/mock_request.rb:49:in 'Rack::MockRequest#get'
/usr/local/bundle/ruby/3.4.0/gems/middleman-core-4.6.2/lib/middleman-core/builder.rb:233:in 'block in Middleman::Builder#output_resource'
/usr/local/bundle/ruby/3.4.0/gems/activesupport-8.1.1/lib/active_support/notifications.rb:212:in 'ActiveSupport::Notifications.instrument'
/usr/local/bundle/ruby/3.4.0/gems/middleman-core-4.6.2/lib/middleman-core/util.rb:26:in 'Middleman::Util.instrument'
/usr/local/bundle/ruby/3.4.0/gems/middleman-core-4.6.2/lib/middleman-core/builder.rb:226:in 'Middleman::Builder#output_resource'
/usr/local/bundle/ruby/3.4.0/gems/contracts-0.17.3/lib/contracts/method_reference.rb:45:in 'Contracts::MethodReference#send_to'
/usr/local/bundle/ruby/3.4.0/gems/contracts-0.17.3/lib/contracts/call_with.rb:107:in 'Contracts::CallWith#call_with_inner'
/usr/local/bundle/ruby/3.4.0/gems/contracts-0.17.3/lib/contracts/method_handler.rb:137:in 'block (2 levels) in Middleman::Builder#redefine_method'
/usr/local/bundle/ruby/3.4.0/gems/contracts-0.17.3/lib/contracts/method_handler.rb:136:in 'Array#each'
/usr/local/bundle/ruby/3.4.0/gems/contracts-0.17.3/lib/contracts/method_handler.rb:136:in 'block in Middleman::Builder#redefine_method'
/usr/local/bundle/ruby/3.4.0/gems/parallel-1.27.0/lib/parallel.rb:650:in 'Parallel.call_with_index'
/usr/local/bundle/ruby/3.4.0/gems/parallel-1.27.0/lib/parallel.rb:620:in 'Parallel.process_incoming_jobs'
/usr/local/bundle/ruby/3.4.0/gems/parallel-1.27.0/lib/parallel.rb:600:in 'block in Parallel.worker'
/usr/local/bundle/ruby/3.4.0/gems/parallel-1.27.0/lib/parallel.rb:591:in 'Process.fork'
/usr/local/bundle/ruby/3.4.0/gems/parallel-1.27.0/lib/parallel.rb:591:in 'Parallel.worker'
/usr/local/bundle/ruby/3.4.0/gems/parallel-1.27.0/lib/parallel.rb:582:in 'block in Parallel.create_workers'
/usr/local/bundle/ruby/3.4.0/gems/parallel-1.27.0/lib/parallel.rb:581:in 'Array#each'
/usr/local/bundle/ruby/3.4.0/gems/parallel-1.27.0/lib/parallel.rb:581:in 'Enumerable#each_with_index'
/usr/local/bundle/ruby/3.4.0/gems/parallel-1.27.0/lib/parallel.rb:581:in 'Parallel.create_workers'
/usr/local/bundle/ruby/3.4.0/gems/parallel-1.27.0/lib/parallel.rb:520:in 'Parallel.work_in_processes'
/usr/local/bundle/ruby/3.4.0/gems/parallel-1.27.0/lib/parallel.rb:291:in 'Parallel.map'
/usr/local/bundle/ruby/3.4.0/gems/middleman-core-4.6.2/lib/middleman-core/builder.rb:138:in 'Middleman::Builder#output_resources'
/usr/local/bundle/ruby/3.4.0/gems/contracts-0.17.3/lib/contracts/method_reference.rb:45:in 'Contracts::MethodReference#send_to'
/usr/local/bundle/ruby/3.4.0/gems/contracts-0.17.3/lib/contracts/call_with.rb:107:in 'Contracts::CallWith#call_with_inner'
/usr/local/bundle/ruby/3.4.0/gems/contracts-0.17.3/lib/contracts/method_handler.rb:137:in 'block (2 levels) in Middleman::Builder#redefine_method'
/usr/local/bundle/ruby/3.4.0/gems/contracts-0.17.3/lib/contracts/method_handler.rb:136:in 'Array#each'
/usr/local/bundle/ruby/3.4.0/gems/contracts-0.17.3/lib/contracts/method_handler.rb:136:in 'block in Middleman::Builder#redefine_method'
/usr/local/bundle/ruby/3.4.0/gems/middleman-core-4.6.2/lib/middleman-core/builder.rb:98:in 'block in Middleman::Builder#prerender_css'
/usr/local/bundle/ruby/3.4.0/gems/activesupport-8.1.1/lib/active_support/notifications.rb:212:in 'ActiveSupport::Notifications.instrument'
/usr/local/bundle/ruby/3.4.0/gems/middleman-core-4.6.2/lib/middleman-core/util.rb:26:in 'Middleman::Util.instrument'
/usr/local/bundle/ruby/3.4.0/gems/middleman-core-4.6.2/lib/middleman-core/builder.rb:96:in 'Middleman::Builder#prerender_css'
/usr/local/bundle/ruby/3.4.0/gems/contracts-0.17.3/lib/contracts/method_reference.rb:45:in 'Contracts::MethodReference#send_to'
/usr/local/bundle/ruby/3.4.0/gems/contracts-0.17.3/lib/contracts/call_with.rb:107:in 'Contracts::CallWith#call_with_inner'
/usr/local/bundle/ruby/3.4.0/gems/contracts-0.17.3/lib/contracts/method_handler.rb:137:in 'block (2 levels) in Middleman::Builder#redefine_method'
/usr/local/bundle/ruby/3.4.0/gems/contracts-0.17.3/lib/contracts/method_handler.rb:136:in 'Array#each'
/usr/local/bundle/ruby/3.4.0/gems/contracts-0.17.3/lib/contracts/method_handler.rb:136:in 'block in Middleman::Builder#redefine_method'
/usr/local/bundle/ruby/3.4.0/gems/middleman-core-4.6.2/lib/middleman-core/builder.rb:66:in 'block in Middleman::Builder#run!'
/usr/local/bundle/ruby/3.4.0/gems/activesupport-8.1.1/lib/active_support/notifications.rb:212:in 'ActiveSupport::Notifications.instrument'
/usr/local/bundle/ruby/3.4.0/gems/middleman-core-4.6.2/lib/middleman-core/util.rb:26:in 'Middleman::Util.instrument'
/usr/local/bundle/ruby/3.4.0/gems/middleman-core-4.6.2/lib/middleman-core/builder.rb:65:in 'Middleman::Builder#run!'
/usr/local/bundle/ruby/3.4.0/gems/contracts-0.17.3/lib/contracts/method_reference.rb:45:in 'Contracts::MethodReference#send_to'
/usr/local/bundle/ruby/3.4.0/gems/contracts-0.17.3/lib/contracts/call_with.rb:107:in 'Contracts::CallWith#call_with_inner'
/usr/local/bundle/ruby/3.4.0/gems/contracts-0.17.3/lib/contracts/method_handler.rb:137:in 'block (2 levels) in Middleman::Builder#redefine_method'
/usr/local/bundle/ruby/3.4.0/gems/contracts-0.17.3/lib/contracts/method_handler.rb:136:in 'Array#each'
/usr/local/bundle/ruby/3.4.0/gems/contracts-0.17.3/lib/contracts/method_handler.rb:136:in 'block in Middleman::Builder#redefine_method'
/usr/local/bundle/ruby/3.4.0/gems/middleman-cli-4.6.2/lib/middleman-cli/build.rb:84:in 'block in Middleman::Cli::Build#build'
/usr/local/bundle/ruby/3.4.0/gems/activesupport-8.1.1/lib/active_support/notifications.rb:212:in 'ActiveSupport::Notifications.instrument'
/usr/local/bundle/ruby/3.4.0/gems/middleman-core-4.6.2/lib/middleman-core/util.rb:26:in 'Middleman::Util.instrument'
/usr/local/bundle/ruby/3.4.0/gems/middleman-cli-4.6.2/lib/middleman-cli/build.rb:83:in 'Middleman::Cli::Build#build'
/usr/local/bundle/ruby/3.4.0/gems/thor-1.4.0/lib/thor/command.rb:28:in 'Thor::Command#run'
/usr/local/bundle/ruby/3.4.0/gems/thor-1.4.0/lib/thor/invocation.rb:127:in 'Thor::Invocation#invoke_command'
/usr/local/bundle/ruby/3.4.0/gems/thor-1.4.0/lib/thor/invocation.rb:134:in 'block in Thor::Invocation#invoke_all'
/usr/local/bundle/ruby/3.4.0/gems/thor-1.4.0/lib/thor/invocation.rb:134:in 'Hash#each'
/usr/local/bundle/ruby/3.4.0/gems/thor-1.4.0/lib/thor/invocation.rb:134:in 'Enumerable#map'
/usr/local/bundle/ruby/3.4.0/gems/thor-1.4.0/lib/thor/invocation.rb:134:in 'Thor::Invocation#invoke_all'
/usr/local/bundle/ruby/3.4.0/gems/thor-1.4.0/lib/thor/group.rb:243:in 'Thor::Group.dispatch'
/usr/local/bundle/ruby/3.4.0/gems/thor-1.4.0/lib/thor/invocation.rb:116:in 'Thor::Invocation#invoke'
/usr/local/bundle/ruby/3.4.0/gems/thor-1.4.0/lib/thor.rb:40:in 'block in Middleman::Cli::Base#register'
/usr/local/bundle/ruby/3.4.0/gems/thor-1.4.0/lib/thor/command.rb:28:in 'Thor::Command#run'
/usr/local/bundle/ruby/3.4.0/gems/thor-1.4.0/lib/thor/invocation.rb:127:in 'Thor::Invocation#invoke_command'
/usr/local/bundle/ruby/3.4.0/gems/thor-1.4.0/lib/thor.rb:538:in 'Thor.dispatch'
/usr/local/bundle/ruby/3.4.0/gems/thor-1.4.0/lib/thor/base.rb:584:in 'Thor::Base::ClassMethods#start'
/usr/local/bundle/ruby/3.4.0/gems/middleman-cli-4.6.2/bin/middleman:70:in '<top (required)>'
/usr/local/bundle/ruby/3.4.0/bin/middleman:25:in 'Kernel#load'
/usr/local/bundle/ruby/3.4.0/bin/middleman:25:in '<top (required)>'
/usr/local/lib/ruby/3.4.0/bundler/cli/exec.rb:59:in 'Kernel.load'
/usr/local/lib/ruby/3.4.0/bundler/cli/exec.rb:59:in 'Bundler::CLI::Exec#kernel_load'
/usr/local/lib/ruby/3.4.0/bundler/cli/exec.rb:23:in 'Bundler::CLI::Exec#run'
/usr/local/lib/ruby/3.4.0/bundler/cli.rb:452:in 'Bundler::CLI#exec'
/usr/local/lib/ruby/3.4.0/bundler/vendor/thor/lib/thor/command.rb:28:in 'Bundler::Thor::Command#run'
/usr/local/lib/ruby/3.4.0/bundler/vendor/thor/lib/thor/invocation.rb:127:in 'Bundler::Thor::Invocation#invoke_command'
/usr/local/lib/ruby/3.4.0/bundler/vendor/thor/lib/thor.rb:538:in 'Bundler::Thor.dispatch'
/usr/local/lib/ruby/3.4.0/bundler/cli.rb:35:in 'Bundler::CLI.dispatch'
/usr/local/lib/ruby/3.4.0/bundler/vendor/thor/lib/thor/base.rb:584:in 'Bundler::Thor::Base::ClassMethods#start'
/usr/local/lib/ruby/3.4.0/bundler/cli.rb:29:in 'Bundler::CLI.start'
/usr/local/lib/ruby/gems/3.4.0/gems/bundler-2.6.9/exe/bundle:28:in 'block in <top (required)>'
/usr/local/lib/ruby/3.4.0/bundler/friendly_errors.rb:117:in 'Bundler.with_friendly_errors'
/usr/local/lib/ruby/gems/3.4.0/gems/bundler-2.6.9/exe/bundle:20:in '<top (required)>'
/usr/local/bundle/bin/bundle:108:in 'Kernel#load'
/usr/local/bundle/bin/bundle:108:in '<main>'
uninitialized constant #<Class:#<Middleman::ConfigContext:0x0000ffff843820a0>>::Uglifier
/app/config.rb:74:in 'block (2 levels) in Middleman::Application#evaluate_configuration!'
/usr/local/bundle/ruby/3.4.0/gems/middleman-core-4.6.2/lib/middleman-core/extensions/minify_javascript.rb:46:in 'Middleman::Extensions::MinifyJavascript::Rack#initialize'
/usr/local/bundle/ruby/3.4.0/gems/contracts-0.17.3/lib/contracts/method_reference.rb:45:in 'Contracts::MethodReference#send_to'
/usr/local/bundle/ruby/3.4.0/gems/contracts-0.17.3/lib/contracts/call_with.rb:107:in 'Contracts::CallWith#call_with_inner'
/usr/local/bundle/ruby/3.4.0/gems/contracts-0.17.3/lib/contracts/method_handler.rb:137:in 'block (2 levels) in Middleman::Extensions::MinifyJavascript::Rack#redefine_method'
/usr/local/bundle/ruby/3.4.0/gems/contracts-0.17.3/lib/contracts/method_handler.rb:136:in 'Array#each'
/usr/local/bundle/ruby/3.4.0/gems/contracts-0.17.3/lib/contracts/method_handler.rb:136:in 'block in Middleman::Extensions::MinifyJavascript::Rack#redefine_method'
/usr/local/bundle/ruby/3.4.0/gems/rack-3.1.19/lib/rack/builder.rb:164:in 'Class#new'
/usr/local/bundle/ruby/3.4.0/gems/rack-3.1.19/lib/rack/builder.rb:164:in 'block in Rack::Builder#use'
/usr/local/bundle/ruby/3.4.0/gems/rack-3.1.19/lib/rack/builder.rb:268:in 'block in Rack::Builder#to_app'
/usr/local/bundle/ruby/3.4.0/gems/rack-3.1.19/lib/rack/builder.rb:268:in 'Array#each'
/usr/local/bundle/ruby/3.4.0/gems/rack-3.1.19/lib/rack/builder.rb:268:in 'Enumerable#inject'
/usr/local/bundle/ruby/3.4.0/gems/rack-3.1.19/lib/rack/builder.rb:268:in 'Rack::Builder#to_app'
/usr/local/bundle/ruby/3.4.0/gems/rack-3.1.19/lib/rack/builder.rb:277:in 'Rack::Builder#call'
/usr/local/bundle/ruby/3.4.0/gems/rack-3.1.19/lib/rack/mock_request.rb:76:in 'Rack::MockRequest#request'
/usr/local/bundle/ruby/3.4.0/gems/rack-3.1.19/lib/rack/mock_request.rb:49:in 'Rack::MockRequest#get'
/usr/local/bundle/ruby/3.4.0/gems/middleman-core-4.6.2/lib/middleman-core/builder.rb:233:in 'block in Middleman::Builder#output_resource'
/usr/local/bundle/ruby/3.4.0/gems/activesupport-8.1.1/lib/active_support/notifications.rb:212:in 'ActiveSupport::Notifications.instrument'
/usr/local/bundle/ruby/3.4.0/gems/middleman-core-4.6.2/lib/middleman-core/util.rb:26:in 'Middleman::Util.instrument'
/usr/local/bundle/ruby/3.4.0/gems/middleman-core-4.6.2/lib/middleman-core/builder.rb:226:in 'Middleman::Builder#output_resource'
/usr/local/bundle/ruby/3.4.0/gems/contracts-0.17.3/lib/contracts/method_reference.rb:45:in 'Contracts::MethodReference#send_to'
/usr/local/bundle/ruby/3.4.0/gems/contracts-0.17.3/lib/contracts/call_with.rb:107:in 'Contracts::CallWith#call_with_inner'
/usr/local/bundle/ruby/3.4.0/gems/contracts-0.17.3/lib/contracts/method_handler.rb:137:in 'block (2 levels) in Middleman::Builder#redefine_method'
/usr/local/bundle/ruby/3.4.0/gems/contracts-0.17.3/lib/contracts/method_handler.rb:136:in 'Array#each'
/usr/local/bundle/ruby/3.4.0/gems/contracts-0.17.3/lib/contracts/method_handler.rb:136:in 'block in Middleman::Builder#redefine_method'
/usr/local/bundle/ruby/3.4.0/gems/parallel-1.27.0/lib/parallel.rb:650:in 'Parallel.call_with_index'
/usr/local/bundle/ruby/3.4.0/gems/parallel-1.27.0/lib/parallel.rb:620:in 'Parallel.process_incoming_jobs'
/usr/local/bundle/ruby/3.4.0/gems/parallel-1.27.0/lib/parallel.rb:600:in 'block in Parallel.worker'
/usr/local/bundle/ruby/3.4.0/gems/parallel-1.27.0/lib/parallel.rb:591:in 'Process.fork'
/usr/local/bundle/ruby/3.4.0/gems/parallel-1.27.0/lib/parallel.rb:591:in 'Parallel.worker'
/usr/local/bundle/ruby/3.4.0/gems/parallel-1.27.0/lib/parallel.rb:582:in 'block in Parallel.create_workers'
/usr/local/bundle/ruby/3.4.0/gems/parallel-1.27.0/lib/parallel.rb:581:in 'Array#each'
/usr/local/bundle/ruby/3.4.0/gems/parallel-1.27.0/lib/parallel.rb:581:in 'Enumerable#each_with_index'
/usr/local/bundle/ruby/3.4.0/gems/parallel-1.27.0/lib/parallel.rb:581:in 'Parallel.create_workers'
/usr/local/bundle/ruby/3.4.0/gems/parallel-1.27.0/lib/parallel.rb:520:in 'Parallel.work_in_processes'
/usr/local/bundle/ruby/3.4.0/gems/parallel-1.27.0/lib/parallel.rb:291:in 'Parallel.map'
/usr/local/bundle/ruby/3.4.0/gems/middleman-core-4.6.2/lib/middleman-core/builder.rb:138:in 'Middleman::Builder#output_resources'
/usr/local/bundle/ruby/3.4.0/gems/contracts-0.17.3/lib/contracts/method_reference.rb:45:in 'Contracts::MethodReference#send_to'
/usr/local/bundle/ruby/3.4.0/gems/contracts-0.17.3/lib/contracts/call_with.rb:107:in 'Contracts::CallWith#call_with_inner'
/usr/local/bundle/ruby/3.4.0/gems/contracts-0.17.3/lib/contracts/method_handler.rb:137:in 'block (2 levels) in Middleman::Builder#redefine_method'
/usr/local/bundle/ruby/3.4.0/gems/contracts-0.17.3/lib/contracts/method_handler.rb:136:in 'Array#each'
/usr/local/bundle/ruby/3.4.0/gems/contracts-0.17.3/lib/contracts/method_handler.rb:136:in 'block in Middleman::Builder#redefine_method'
/usr/local/bundle/ruby/3.4.0/gems/middleman-core-4.6.2/lib/middleman-core/builder.rb:98:in 'block in Middleman::Builder#prerender_css'
/usr/local/bundle/ruby/3.4.0/gems/activesupport-8.1.1/lib/active_support/notifications.rb:212:in 'ActiveSupport::Notifications.instrument'
/usr/local/bundle/ruby/3.4.0/gems/middleman-core-4.6.2/lib/middleman-core/util.rb:26:in 'Middleman::Util.instrument'
/usr/local/bundle/ruby/3.4.0/gems/middleman-core-4.6.2/lib/middleman-core/builder.rb:96:in 'Middleman::Builder#prerender_css'
/usr/local/bundle/ruby/3.4.0/gems/contracts-0.17.3/lib/contracts/method_reference.rb:45:in 'Contracts::MethodReference#send_to'
/usr/local/bundle/ruby/3.4.0/gems/contracts-0.17.3/lib/contracts/call_with.rb:107:in 'Contracts::CallWith#call_with_inner'
/usr/local/bundle/ruby/3.4.0/gems/contracts-0.17.3/lib/contracts/method_handler.rb:137:in 'block (2 levels) in Middleman::Builder#redefine_method'
/usr/local/bundle/ruby/3.4.0/gems/contracts-0.17.3/lib/contracts/method_handler.rb:136:in 'Array#each'
/usr/local/bundle/ruby/3.4.0/gems/contracts-0.17.3/lib/contracts/method_handler.rb:136:in 'block in Middleman::Builder#redefine_method'
/usr/local/bundle/ruby/3.4.0/gems/middleman-core-4.6.2/lib/middleman-core/builder.rb:66:in 'block in Middleman::Builder#run!'
/usr/local/bundle/ruby/3.4.0/gems/activesupport-8.1.1/lib/active_support/notifications.rb:212:in 'ActiveSupport::Notifications.instrument'
/usr/local/bundle/ruby/3.4.0/gems/middleman-core-4.6.2/lib/middleman-core/util.rb:26:in 'Middleman::Util.instrument'
/usr/local/bundle/ruby/3.4.0/gems/middleman-core-4.6.2/lib/middleman-core/builder.rb:65:in 'Middleman::Builder#run!'
/usr/local/bundle/ruby/3.4.0/gems/contracts-0.17.3/lib/contracts/method_reference.rb:45:in 'Contracts::MethodReference#send_to'
/usr/local/bundle/ruby/3.4.0/gems/contracts-0.17.3/lib/contracts/call_with.rb:107:in 'Contracts::CallWith#call_with_inner'
/usr/local/bundle/ruby/3.4.0/gems/contracts-0.17.3/lib/contracts/method_handler.rb:137:in 'block (2 levels) in Middleman::Builder#redefine_method'
/usr/local/bundle/ruby/3.4.0/gems/contracts-0.17.3/lib/contracts/method_handler.rb:136:in 'Array#each'
/usr/local/bundle/ruby/3.4.0/gems/contracts-0.17.3/lib/contracts/method_handler.rb:136:in 'block in Middleman::Builder#redefine_method'
/usr/local/bundle/ruby/3.4.0/gems/middleman-cli-4.6.2/lib/middleman-cli/build.rb:84:in 'block in Middleman::Cli::Build#build'
/usr/local/bundle/ruby/3.4.0/gems/activesupport-8.1.1/lib/active_support/notifications.rb:212:in 'ActiveSupport::Notifications.instrument'
/usr/local/bundle/ruby/3.4.0/gems/middleman-core-4.6.2/lib/middleman-core/util.rb:26:in 'Middleman::Util.instrument'
/usr/local/bundle/ruby/3.4.0/gems/middleman-cli-4.6.2/lib/middleman-cli/build.rb:83:in 'Middleman::Cli::Build#build'
/usr/local/bundle/ruby/3.4.0/gems/thor-1.4.0/lib/thor/command.rb:28:in 'Thor::Command#run'
/usr/local/bundle/ruby/3.4.0/gems/thor-1.4.0/lib/thor/invocation.rb:127:in 'Thor::Invocation#invoke_command'
/usr/local/bundle/ruby/3.4.0/gems/thor-1.4.0/lib/thor/invocation.rb:134:in 'block in Thor::Invocation#invoke_all'
/usr/local/bundle/ruby/3.4.0/gems/thor-1.4.0/lib/thor/invocation.rb:134:in 'Hash#each'
/usr/local/bundle/ruby/3.4.0/gems/thor-1.4.0/lib/thor/invocation.rb:134:in 'Enumerable#map'
/usr/local/bundle/ruby/3.4.0/gems/thor-1.4.0/lib/thor/invocation.rb:134:in 'Thor::Invocation#invoke_all'
/usr/local/bundle/ruby/3.4.0/gems/thor-1.4.0/lib/thor/group.rb:243:in 'Thor::Group.dispatch'
/usr/local/bundle/ruby/3.4.0/gems/thor-1.4.0/lib/thor/invocation.rb:116:in 'Thor::Invocation#invoke'
/usr/local/bundle/ruby/3.4.0/gems/thor-1.4.0/lib/thor.rb:40:in 'block in Middleman::Cli::Base#register'
/usr/local/bundle/ruby/3.4.0/gems/thor-1.4.0/lib/thor/command.rb:28:in 'Thor::Command#run'
/usr/local/bundle/ruby/3.4.0/gems/thor-1.4.0/lib/thor/invocation.rb:127:in 'Thor::Invocation#invoke_command'
/usr/local/bundle/ruby/3.4.0/gems/thor-1.4.0/lib/thor.rb:538:in 'Thor.dispatch'
/usr/local/bundle/ruby/3.4.0/gems/thor-1.4.0/lib/thor/base.rb:584:in 'Thor::Base::ClassMethods#start'
/usr/local/bundle/ruby/3.4.0/gems/middleman-cli-4.6.2/bin/middleman:70:in '<top (required)>'
/usr/local/bundle/ruby/3.4.0/bin/middleman:25:in 'Kernel#load'
/usr/local/bundle/ruby/3.4.0/bin/middleman:25:in '<top (required)>'
/usr/local/lib/ruby/3.4.0/bundler/cli/exec.rb:59:in 'Kernel.load'
/usr/local/lib/ruby/3.4.0/bundler/cli/exec.rb:59:in 'Bundler::CLI::Exec#kernel_load'
/usr/local/lib/ruby/3.4.0/bundler/cli/exec.rb:23:in 'Bundler::CLI::Exec#run'
/usr/local/lib/ruby/3.4.0/bundler/cli.rb:452:in 'Bundler::CLI#exec'
/usr/local/lib/ruby/3.4.0/bundler/vendor/thor/lib/thor/command.rb:28:in 'Bundler::Thor::Command#run'
/usr/local/lib/ruby/3.4.0/bundler/vendor/thor/lib/thor/invocation.rb:127:in 'Bundler::Thor::Invocation#invoke_command'
/usr/local/lib/ruby/3.4.0/bundler/vendor/thor/lib/thor.rb:538:in 'Bundler::Thor.dispatch'
/usr/local/lib/ruby/3.4.0/bundler/cli.rb:35:in 'Bundler::CLI.dispatch'
/usr/local/lib/ruby/3.4.0/bundler/vendor/thor/lib/thor/base.rb:584:in 'Bundler::Thor::Base::ClassMethods#start'
/usr/local/lib/ruby/3.4.0/bundler/cli.rb:29:in 'Bundler::CLI.start'
/usr/local/lib/ruby/gems/3.4.0/gems/bundler-2.6.9/exe/bundle:28:in 'block in <top (required)>'
/usr/local/lib/ruby/3.4.0/bundler/friendly_errors.rb:117:in 'Bundler.with_friendly_errors'
/usr/local/lib/ruby/gems/3.4.0/gems/bundler-2.6.9/exe/bundle:20:in '<top (required)>'
/usr/local/bundle/bin/bundle:108:in 'Kernel#load'
/usr/local/bundle/bin/bundle:108:in '<main>'
       error  build/stylesheets/all.css
uninitialized constant #<Class:#<Middleman::ConfigContext:0x0000ffff843820a0>>::Uglifier
/app/config.rb:74:in 'block (2 levels) in Middleman::Application#evaluate_configuration!'
/usr/local/bundle/ruby/3.4.0/gems/middleman-core-4.6.2/lib/middleman-core/extensions/minify_javascript.rb:46:in 'Middleman::Extensions::MinifyJavascript::Rack#initialize'
/usr/local/bundle/ruby/3.4.0/gems/contracts-0.17.3/lib/contracts/method_reference.rb:45:in 'Contracts::MethodReference#send_to'
/usr/local/bundle/ruby/3.4.0/gems/contracts-0.17.3/lib/contracts/call_with.rb:107:in 'Contracts::CallWith#call_with_inner'
/usr/local/bundle/ruby/3.4.0/gems/contracts-0.17.3/lib/contracts/method_handler.rb:137:in 'block (2 levels) in Middleman::Extensions::MinifyJavascript::Rack#redefine_method'
/usr/local/bundle/ruby/3.4.0/gems/contracts-0.17.3/lib/contracts/method_handler.rb:136:in 'Array#each'
/usr/local/bundle/ruby/3.4.0/gems/contracts-0.17.3/lib/contracts/method_handler.rb:136:in 'block in Middleman::Extensions::MinifyJavascript::Rack#redefine_method'
/usr/local/bundle/ruby/3.4.0/gems/rack-3.1.19/lib/rack/builder.rb:164:in 'Class#new'
/usr/local/bundle/ruby/3.4.0/gems/rack-3.1.19/lib/rack/builder.rb:164:in 'block in Rack::Builder#use'
/usr/local/bundle/ruby/3.4.0/gems/rack-3.1.19/lib/rack/builder.rb:268:in 'block in Rack::Builder#to_app'
/usr/local/bundle/ruby/3.4.0/gems/rack-3.1.19/lib/rack/builder.rb:268:in 'Array#each'
/usr/local/bundle/ruby/3.4.0/gems/rack-3.1.19/lib/rack/builder.rb:268:in 'Enumerable#inject'
/usr/local/bundle/ruby/3.4.0/gems/rack-3.1.19/lib/rack/builder.rb:268:in 'Rack::Builder#to_app'
/usr/local/bundle/ruby/3.4.0/gems/rack-3.1.19/lib/rack/builder.rb:277:in 'Rack::Builder#call'
/usr/local/bundle/ruby/3.4.0/gems/rack-3.1.19/lib/rack/mock_request.rb:76:in 'Rack::MockRequest#request'
/usr/local/bundle/ruby/3.4.0/gems/rack-3.1.19/lib/rack/mock_request.rb:49:in 'Rack::MockRequest#get'
/usr/local/bundle/ruby/3.4.0/gems/middleman-core-4.6.2/lib/middleman-core/builder.rb:233:in 'block in Middleman::Builder#output_resource'
/usr/local/bundle/ruby/3.4.0/gems/activesupport-8.1.1/lib/active_support/notifications.rb:212:in 'ActiveSupport::Notifications.instrument'
/usr/local/bundle/ruby/3.4.0/gems/middleman-core-4.6.2/lib/middleman-core/util.rb:26:in 'Middleman::Util.instrument'
/usr/local/bundle/ruby/3.4.0/gems/middleman-core-4.6.2/lib/middleman-core/builder.rb:226:in 'Middleman::Builder#output_resource'
/usr/local/bundle/ruby/3.4.0/gems/contracts-0.17.3/lib/contracts/method_reference.rb:45:in 'Contracts::MethodReference#send_to'
/usr/local/bundle/ruby/3.4.0/gems/contracts-0.17.3/lib/contracts/call_with.rb:107:in 'Contracts::CallWith#call_with_inner'
/usr/local/bundle/ruby/3.4.0/gems/contracts-0.17.3/lib/contracts/method_handler.rb:137:in 'block (2 levels) in Middleman::Builder#redefine_method'
/usr/local/bundle/ruby/3.4.0/gems/contracts-0.17.3/lib/contracts/method_handler.rb:136:in 'Array#each'
/usr/local/bundle/ruby/3.4.0/gems/contracts-0.17.3/lib/contracts/method_handler.rb:136:in 'block in Middleman::Builder#redefine_method'
/usr/local/bundle/ruby/3.4.0/gems/parallel-1.27.0/lib/parallel.rb:650:in 'Parallel.call_with_index'
/usr/local/bundle/ruby/3.4.0/gems/parallel-1.27.0/lib/parallel.rb:620:in 'Parallel.process_incoming_jobs'
/usr/local/bundle/ruby/3.4.0/gems/parallel-1.27.0/lib/parallel.rb:600:in 'block in Parallel.worker'
/usr/local/bundle/ruby/3.4.0/gems/parallel-1.27.0/lib/parallel.rb:591:in 'Process.fork'
/usr/local/bundle/ruby/3.4.0/gems/parallel-1.27.0/lib/parallel.rb:591:in 'Parallel.worker'
/usr/local/bundle/ruby/3.4.0/gems/parallel-1.27.0/lib/parallel.rb:582:in 'block in Parallel.create_workers'
/usr/local/bundle/ruby/3.4.0/gems/parallel-1.27.0/lib/parallel.rb:581:in 'Array#each'
/usr/local/bundle/ruby/3.4.0/gems/parallel-1.27.0/lib/parallel.rb:581:in 'Enumerable#each_with_index'
/usr/local/bundle/ruby/3.4.0/gems/parallel-1.27.0/lib/parallel.rb:581:in 'Parallel.create_workers'
/usr/local/bundle/ruby/3.4.0/gems/parallel-1.27.0/lib/parallel.rb:520:in 'Parallel.work_in_processes'
/usr/local/bundle/ruby/3.4.0/gems/parallel-1.27.0/lib/parallel.rb:291:in 'Parallel.map'
/usr/local/bundle/ruby/3.4.0/gems/middleman-core-4.6.2/lib/middleman-core/builder.rb:138:in 'Middleman::Builder#output_resources'
/usr/local/bundle/ruby/3.4.0/gems/contracts-0.17.3/lib/contracts/method_reference.rb:45:in 'Contracts::MethodReference#send_to'
/usr/local/bundle/ruby/3.4.0/gems/contracts-0.17.3/lib/contracts/call_with.rb:107:in 'Contracts::CallWith#call_with_inner'
/usr/local/bundle/ruby/3.4.0/gems/contracts-0.17.3/lib/contracts/method_handler.rb:137:in 'block (2 levels) in Middleman::Builder#redefine_method'
/usr/local/bundle/ruby/3.4.0/gems/contracts-0.17.3/lib/contracts/method_handler.rb:136:in 'Array#each'
/usr/local/bundle/ruby/3.4.0/gems/contracts-0.17.3/lib/contracts/method_handler.rb:136:in 'block in Middleman::Builder#redefine_method'
/usr/local/bundle/ruby/3.4.0/gems/middleman-core-4.6.2/lib/middleman-core/builder.rb:98:in 'block in Middleman::Builder#prerender_css'
/usr/local/bundle/ruby/3.4.0/gems/activesupport-8.1.1/lib/active_support/notifications.rb:212:in 'ActiveSupport::Notifications.instrument'
/usr/local/bundle/ruby/3.4.0/gems/middleman-core-4.6.2/lib/middleman-core/util.rb:26:in 'Middleman::Util.instrument'
/usr/local/bundle/ruby/3.4.0/gems/middleman-core-4.6.2/lib/middleman-core/builder.rb:96:in 'Middleman::Builder#prerender_css'
/usr/local/bundle/ruby/3.4.0/gems/contracts-0.17.3/lib/contracts/method_reference.rb:45:in 'Contracts::MethodReference#send_to'
/usr/local/bundle/ruby/3.4.0/gems/contracts-0.17.3/lib/contracts/call_with.rb:107:in 'Contracts::CallWith#call_with_inner'
/usr/local/bundle/ruby/3.4.0/gems/contracts-0.17.3/lib/contracts/method_handler.rb:137:in 'block (2 levels) in Middleman::Builder#redefine_method'
/usr/local/bundle/ruby/3.4.0/gems/contracts-0.17.3/lib/contracts/method_handler.rb:136:in 'Array#each'
/usr/local/bundle/ruby/3.4.0/gems/contracts-0.17.3/lib/contracts/method_handler.rb:136:in 'block in Middleman::Builder#redefine_method'
/usr/local/bundle/ruby/3.4.0/gems/middleman-core-4.6.2/lib/middleman-core/builder.rb:66:in 'block in Middleman::Builder#run!'
/usr/local/bundle/ruby/3.4.0/gems/activesupport-8.1.1/lib/active_support/notifications.rb:212:in 'ActiveSupport::Notifications.instrument'
/usr/local/bundle/ruby/3.4.0/gems/middleman-core-4.6.2/lib/middleman-core/util.rb:26:in 'Middleman::Util.instrument'
/usr/local/bundle/ruby/3.4.0/gems/middleman-core-4.6.2/lib/middleman-core/builder.rb:65:in 'Middleman::Builder#run!'
/usr/local/bundle/ruby/3.4.0/gems/contracts-0.17.3/lib/contracts/method_reference.rb:45:in 'Contracts::MethodReference#send_to'
/usr/local/bundle/ruby/3.4.0/gems/contracts-0.17.3/lib/contracts/call_with.rb:107:in 'Contracts::CallWith#call_with_inner'
/usr/local/bundle/ruby/3.4.0/gems/contracts-0.17.3/lib/contracts/method_handler.rb:137:in 'block (2 levels) in Middleman::Builder#redefine_method'
/usr/local/bundle/ruby/3.4.0/gems/contracts-0.17.3/lib/contracts/method_handler.rb:136:in 'Array#each'
/usr/local/bundle/ruby/3.4.0/gems/contracts-0.17.3/lib/contracts/method_handler.rb:136:in 'block in Middleman::Builder#redefine_method'
/usr/local/bundle/ruby/3.4.0/gems/middleman-cli-4.6.2/lib/middleman-cli/build.rb:84:in 'block in Middleman::Cli::Build#build'
/usr/local/bundle/ruby/3.4.0/gems/activesupport-8.1.1/lib/active_support/notifications.rb:212:in 'ActiveSupport::Notifications.instrument'
/usr/local/bundle/ruby/3.4.0/gems/middleman-core-4.6.2/lib/middleman-core/util.rb:26:in 'Middleman::Util.instrument'
/usr/local/bundle/ruby/3.4.0/gems/middleman-cli-4.6.2/lib/middleman-cli/build.rb:83:in 'Middleman::Cli::Build#build'
/usr/local/bundle/ruby/3.4.0/gems/thor-1.4.0/lib/thor/command.rb:28:in 'Thor::Command#run'
/usr/local/bundle/ruby/3.4.0/gems/thor-1.4.0/lib/thor/invocation.rb:127:in 'Thor::Invocation#invoke_command'
/usr/local/bundle/ruby/3.4.0/gems/thor-1.4.0/lib/thor/invocation.rb:134:in 'block in Thor::Invocation#invoke_all'
/usr/local/bundle/ruby/3.4.0/gems/thor-1.4.0/lib/thor/invocation.rb:134:in 'Hash#each'
/usr/local/bundle/ruby/3.4.0/gems/thor-1.4.0/lib/thor/invocation.rb:134:in 'Enumerable#map'
/usr/local/bundle/ruby/3.4.0/gems/thor-1.4.0/lib/thor/invocation.rb:134:in 'Thor::Invocation#invoke_all'
/usr/local/bundle/ruby/3.4.0/gems/thor-1.4.0/lib/thor/group.rb:243:in 'Thor::Group.dispatch'
/usr/local/bundle/ruby/3.4.0/gems/thor-1.4.0/lib/thor/invocation.rb:116:in 'Thor::Invocation#invoke'
/usr/local/bundle/ruby/3.4.0/gems/thor-1.4.0/lib/thor.rb:40:in 'block in Middleman::Cli::Base#register'
/usr/local/bundle/ruby/3.4.0/gems/thor-1.4.0/lib/thor/command.rb:28:in 'Thor::Command#run'
/usr/local/bundle/ruby/3.4.0/gems/thor-1.4.0/lib/thor/invocation.rb:127:in 'Thor::Invocation#invoke_command'
/usr/local/bundle/ruby/3.4.0/gems/thor-1.4.0/lib/thor.rb:538:in 'Thor.dispatch'
/usr/local/bundle/ruby/3.4.0/gems/thor-1.4.0/lib/thor/base.rb:584:in 'Thor::Base::ClassMethods#start'
/usr/local/bundle/ruby/3.4.0/gems/middleman-cli-4.6.2/bin/middleman:70:in '<top (required)>'
/usr/local/bundle/ruby/3.4.0/bin/middleman:25:in 'Kernel#load'
/usr/local/bundle/ruby/3.4.0/bin/middleman:25:in '<top (required)>'
/usr/local/lib/ruby/3.4.0/bundler/cli/exec.rb:59:in 'Kernel.load'
/usr/local/lib/ruby/3.4.0/bundler/cli/exec.rb:59:in 'Bundler::CLI::Exec#kernel_load'
/usr/local/lib/ruby/3.4.0/bundler/cli/exec.rb:23:in 'Bundler::CLI::Exec#run'
/usr/local/lib/ruby/3.4.0/bundler/cli.rb:452:in 'Bundler::CLI#exec'
/usr/local/lib/ruby/3.4.0/bundler/vendor/thor/lib/thor/command.rb:28:in 'Bundler::Thor::Command#run'
/usr/local/lib/ruby/3.4.0/bundler/vendor/thor/lib/thor/invocation.rb:127:in 'Bundler::Thor::Invocation#invoke_command'
/usr/local/lib/ruby/3.4.0/bundler/vendor/thor/lib/thor.rb:538:in 'Bundler::Thor.dispatch'
/usr/local/lib/ruby/3.4.0/bundler/cli.rb:35:in 'Bundler::CLI.dispatch'
/usr/local/lib/ruby/3.4.0/bundler/vendor/thor/lib/thor/base.rb:584:in 'Bundler::Thor::Base::ClassMethods#start'
/usr/local/lib/ruby/3.4.0/bundler/cli.rb:29:in 'Bundler::CLI.start'
/usr/local/lib/ruby/gems/3.4.0/gems/bundler-2.6.9/exe/bundle:28:in 'block in <top (required)>'
/usr/local/lib/ruby/3.4.0/bundler/friendly_errors.rb:117:in 'Bundler.with_friendly_errors'
/usr/local/lib/ruby/gems/3.4.0/gems/bundler-2.6.9/exe/bundle:20:in '<top (required)>'
/usr/local/bundle/bin/bundle:108:in 'Kernel#load'
/usr/local/bundle/bin/bundle:108:in '<main>'
== Building files
       error  build/feed.xml
uninitialized constant #<Class:#<Middleman::ConfigContext:0x0000ffff843820a0>>::Uglifier
/app/config.rb:74:in 'block (2 levels) in Middleman::Application#evaluate_configuration!'
/usr/local/bundle/ruby/3.4.0/gems/middleman-core-4.6.2/lib/middleman-core/extensions/minify_javascript.rb:46:in 'Middleman::Extensions::MinifyJavascript::Rack#initialize'
/usr/local/bundle/ruby/3.4.0/gems/contracts-0.17.3/lib/contracts/method_reference.rb:45:in 'Contracts::MethodReference#send_to'
/usr/local/bundle/ruby/3.4.0/gems/contracts-0.17.3/lib/contracts/call_with.rb:107:in 'Contracts::CallWith#call_with_inner'
/usr/local/bundle/ruby/3.4.0/gems/contracts-0.17.3/lib/contracts/method_handler.rb:137:in 'block (2 levels) in Middleman::Extensions::MinifyJavascript::Rack#redefine_method'
/usr/local/bundle/ruby/3.4.0/gems/contracts-0.17.3/lib/contracts/method_handler.rb:136:in 'Array#each'
/usr/local/bundle/ruby/3.4.0/gems/contracts-0.17.3/lib/contracts/method_handler.rb:136:in 'block in Middleman::Extensions::MinifyJavascript::Rack#redefine_method'
/usr/local/bundle/ruby/3.4.0/gems/rack-3.1.19/lib/rack/builder.rb:164:in 'Class#new'
/usr/local/bundle/ruby/3.4.0/gems/rack-3.1.19/lib/rack/builder.rb:164:in 'block in Rack::Builder#use'
/usr/local/bundle/ruby/3.4.0/gems/rack-3.1.19/lib/rack/builder.rb:268:in 'block in Rack::Builder#to_app'
/usr/local/bundle/ruby/3.4.0/gems/rack-3.1.19/lib/rack/builder.rb:268:in 'Array#each'
/usr/local/bundle/ruby/3.4.0/gems/rack-3.1.19/lib/rack/builder.rb:268:in 'Enumerable#inject'
/usr/local/bundle/ruby/3.4.0/gems/rack-3.1.19/lib/rack/builder.rb:268:in 'Rack::Builder#to_app'
/usr/local/bundle/ruby/3.4.0/gems/rack-3.1.19/lib/rack/builder.rb:277:in 'Rack::Builder#call'
/usr/local/bundle/ruby/3.4.0/gems/rack-3.1.19/lib/rack/mock_request.rb:76:in 'Rack::MockRequest#request'
/usr/local/bundle/ruby/3.4.0/gems/rack-3.1.19/lib/rack/mock_request.rb:49:in 'Rack::MockRequest#get'
/usr/local/bundle/ruby/3.4.0/gems/middleman-core-4.6.2/lib/middleman-core/builder.rb:233:in 'block in Middleman::Builder#output_resource'
/usr/local/bundle/ruby/3.4.0/gems/activesupport-8.1.1/lib/active_support/notifications.rb:212:in 'ActiveSupport::Notifications.instrument'
/usr/local/bundle/ruby/3.4.0/gems/middleman-core-4.6.2/lib/middleman-core/util.rb:26:in 'Middleman::Util.instrument'
/usr/local/bundle/ruby/3.4.0/gems/middleman-core-4.6.2/lib/middleman-core/builder.rb:226:in 'Middleman::Builder#output_resource'
/usr/local/bundle/ruby/3.4.0/gems/contracts-0.17.3/lib/contracts/method_reference.rb:45:in 'Contracts::MethodReference#send_to'
/usr/local/bundle/ruby/3.4.0/gems/contracts-0.17.3/lib/contracts/call_with.rb:107:in 'Contracts::CallWith#call_with_inner'
/usr/local/bundle/ruby/3.4.0/gems/contracts-0.17.3/lib/contracts/method_handler.rb:137:in 'block (2 levels) in Middleman::Builder#redefine_method'
/usr/local/bundle/ruby/3.4.0/gems/contracts-0.17.3/lib/contracts/method_handler.rb:136:in 'Array#each'
/usr/local/bundle/ruby/3.4.0/gems/contracts-0.17.3/lib/contracts/method_handler.rb:136:in 'block in Middleman::Builder#redefine_method'
/usr/local/bundle/ruby/3.4.0/gems/parallel-1.27.0/lib/parallel.rb:650:in 'Parallel.call_with_index'
/usr/local/bundle/ruby/3.4.0/gems/parallel-1.27.0/lib/parallel.rb:620:in 'Parallel.process_incoming_jobs'
/usr/local/bundle/ruby/3.4.0/gems/parallel-1.27.0/lib/parallel.rb:600:in 'block in Parallel.worker'
/usr/local/bundle/ruby/3.4.0/gems/parallel-1.27.0/lib/parallel.rb:591:in 'Process.fork'
/usr/local/bundle/ruby/3.4.0/gems/parallel-1.27.0/lib/parallel.rb:591:in 'Parallel.worker'
/usr/local/bundle/ruby/3.4.0/gems/parallel-1.27.0/lib/parallel.rb:582:in 'block in Parallel.create_workers'
/usr/local/bundle/ruby/3.4.0/gems/parallel-1.27.0/lib/parallel.rb:581:in 'Array#each'
/usr/local/bundle/ruby/3.4.0/gems/parallel-1.27.0/lib/parallel.rb:581:in 'Enumerable#each_with_index'
/usr/local/bundle/ruby/3.4.0/gems/parallel-1.27.0/lib/parallel.rb:581:in 'Parallel.create_workers'
/usr/local/bundle/ruby/3.4.0/gems/parallel-1.27.0/lib/parallel.rb:520:in 'Parallel.work_in_processes'
/usr/local/bundle/ruby/3.4.0/gems/parallel-1.27.0/lib/parallel.rb:291:in 'Parallel.map'
/usr/local/bundle/ruby/3.4.0/gems/middleman-core-4.6.2/lib/middleman-core/builder.rb:138:in 'Middleman::Builder#output_resources'
/usr/local/bundle/ruby/3.4.0/gems/contracts-0.17.3/lib/contracts/method_reference.rb:45:in 'Contracts::MethodReference#send_to'
/usr/local/bundle/ruby/3.4.0/gems/contracts-0.17.3/lib/contracts/call_with.rb:107:in 'Contracts::CallWith#call_with_inner'
/usr/local/bundle/ruby/3.4.0/gems/contracts-0.17.3/lib/contracts/method_handler.rb:137:in 'block (2 levels) in Middleman::Builder#redefine_method'
/usr/local/bundle/ruby/3.4.0/gems/contracts-0.17.3/lib/contracts/method_handler.rb:136:in 'Array#each'
/usr/local/bundle/ruby/3.4.0/gems/contracts-0.17.3/lib/contracts/method_handler.rb:136:in 'block in Middleman::Builder#redefine_method'
/usr/local/bundle/ruby/3.4.0/gems/middleman-core-4.6.2/lib/middleman-core/builder.rb:132:in 'Middleman::Builder#output_files'
/usr/local/bundle/ruby/3.4.0/gems/contracts-0.17.3/lib/contracts/method_reference.rb:45:in 'Contracts::MethodReference#send_to'
/usr/local/bundle/ruby/3.4.0/gems/contracts-0.17.3/lib/contracts/call_with.rb:107:in 'Contracts::CallWith#call_with_inner'
/usr/local/bundle/ruby/3.4.0/gems/contracts-0.17.3/lib/contracts/method_handler.rb:137:in 'block (2 levels) in Middleman::Builder#redefine_method'
/usr/local/bundle/ruby/3.4.0/gems/contracts-0.17.3/lib/contracts/method_handler.rb:136:in 'Array#each'
/usr/local/bundle/ruby/3.4.0/gems/contracts-0.17.3/lib/contracts/method_handler.rb:136:in 'block in Middleman::Builder#redefine_method'
/usr/local/bundle/ruby/3.4.0/gems/middleman-core-4.6.2/lib/middleman-core/builder.rb:72:in 'block in Middleman::Builder#run!'
/usr/local/bundle/ruby/3.4.0/gems/activesupport-8.1.1/lib/active_support/notifications.rb:212:in 'ActiveSupport::Notifications.instrument'
/usr/local/bundle/ruby/3.4.0/gems/middleman-core-4.6.2/lib/middleman-core/util.rb:26:in 'Middleman::Util.instrument'
/usr/local/bundle/ruby/3.4.0/gems/middleman-core-4.6.2/lib/middleman-core/builder.rb:71:in 'Middleman::Builder#run!'
/usr/local/bundle/ruby/3.4.0/gems/contracts-0.17.3/lib/contracts/method_reference.rb:45:in 'Contracts::MethodReference#send_to'
/usr/local/bundle/ruby/3.4.0/gems/contracts-0.17.3/lib/contracts/call_with.rb:107:in 'Contracts::CallWith#call_with_inner'
/usr/local/bundle/ruby/3.4.0/gems/contracts-0.17.3/lib/contracts/method_handler.rb:137:in 'block (2 levels) in Middleman::Builder#redefine_method'
/usr/local/bundle/ruby/3.4.0/gems/contracts-0.17.3/lib/contracts/method_handler.rb:136:in 'Array#each'
/usr/local/bundle/ruby/3.4.0/gems/contracts-0.17.3/lib/contracts/method_handler.rb:136:in 'block in Middleman::Builder#redefine_method'
/usr/local/bundle/ruby/3.4.0/gems/middleman-cli-4.6.2/lib/middleman-cli/build.rb:84:in 'block in Middleman::Cli::Build#build'
/usr/local/bundle/ruby/3.4.0/gems/activesupport-8.1.1/lib/active_support/notifications.rb:212:in 'ActiveSupport::Notifications.instrument'
/usr/local/bundle/ruby/3.4.0/gems/middleman-core-4.6.2/lib/middleman-core/util.rb:26:in 'Middleman::Util.instrument'
/usr/local/bundle/ruby/3.4.0/gems/middleman-cli-4.6.2/lib/middleman-cli/build.rb:83:in 'Middleman::Cli::Build#build'
/usr/local/bundle/ruby/3.4.0/gems/thor-1.4.0/lib/thor/command.rb:28:in 'Thor::Command#run'
/usr/local/bundle/ruby/3.4.0/gems/thor-1.4.0/lib/thor/invocation.rb:127:in 'Thor::Invocation#invoke_command'
/usr/local/bundle/ruby/3.4.0/gems/thor-1.4.0/lib/thor/invocation.rb:134:in 'block in Thor::Invocation#invoke_all'
/usr/local/bundle/ruby/3.4.0/gems/thor-1.4.0/lib/thor/invocation.rb:134:in 'Hash#each'
/usr/local/bundle/ruby/3.4.0/gems/thor-1.4.0/lib/thor/invocation.rb:134:in 'Enumerable#map'
/usr/local/bundle/ruby/3.4.0/gems/thor-1.4.0/lib/thor/invocation.rb:134:in 'Thor::Invocation#invoke_all'
/usr/local/bundle/ruby/3.4.0/gems/thor-1.4.0/lib/thor/group.rb:243:in 'Thor::Group.dispatch'
/usr/local/bundle/ruby/3.4.0/gems/thor-1.4.0/lib/thor/invocation.rb:116:in 'Thor::Invocation#invoke'
/usr/local/bundle/ruby/3.4.0/gems/thor-1.4.0/lib/thor.rb:40:in 'block in Middleman::Cli::Base#register'
/usr/local/bundle/ruby/3.4.0/gems/thor-1.4.0/lib/thor/command.rb:28:in 'Thor::Command#run'
/usr/local/bundle/ruby/3.4.0/gems/thor-1.4.0/lib/thor/invocation.rb:127:in 'Thor::Invocation#invoke_command'
/usr/local/bundle/ruby/3.4.0/gems/thor-1.4.0/lib/thor.rb:538:in 'Thor.dispatch'
/usr/local/bundle/ruby/3.4.0/gems/thor-1.4.0/lib/thor/base.rb:584:in 'Thor::Base::ClassMethods#start'
/usr/local/bundle/ruby/3.4.0/gems/middleman-cli-4.6.2/bin/middleman:70:in '<top (required)>'
/usr/local/bundle/ruby/3.4.0/bin/middleman:25:in 'Kernel#load'
/usr/local/bundle/ruby/3.4.0/bin/middleman:25:in '<top (required)>'
/usr/local/lib/ruby/3.4.0/bundler/cli/exec.rb:59:in 'Kernel.load'
/usr/local/lib/ruby/3.4.0/bundler/cli/exec.rb:59:in 'Bundler::CLI::Exec#kernel_load'
/usr/local/lib/ruby/3.4.0/bundler/cli/exec.rb:23:in 'Bundler::CLI::Exec#run'
/usr/local/lib/ruby/3.4.0/bundler/cli.rb:452:in 'Bundler::CLI#exec'
/usr/local/lib/ruby/3.4.0/bundler/vendor/thor/lib/thor/command.rb:28:in 'Bundler::Thor::Command#run'
/usr/local/lib/ruby/3.4.0/bundler/vendor/thor/lib/thor/invocation.rb:127:in 'Bundler::Thor::Invocation#invoke_command'
/usr/local/lib/ruby/3.4.0/bundler/vendor/thor/lib/thor.rb:538:in 'Bundler::Thor.dispatch'
/usr/local/lib/ruby/3.4.0/bundler/cli.rb:35:in 'Bundler::CLI.dispatch'
/usr/local/lib/ruby/3.4.0/bundler/vendor/thor/lib/thor/base.rb:584:in 'Bundler::Thor::Base::ClassMethods#start'
/usr/local/lib/ruby/3.4.0/bundler/cli.rb:29:in 'Bundler::CLI.start'
/usr/local/lib/ruby/gems/3.4.0/gems/bundler-2.6.9/exe/bundle:28:in 'block in <top (required)>'
/usr/local/lib/ruby/3.4.0/bundler/friendly_errors.rb:117:in 'Bundler.with_friendly_errors'
/usr/local/lib/ruby/gems/3.4.0/gems/bundler-2.6.9/exe/bundle:20:in '<top (required)>'
/usr/local/bundle/bin/bundle:108:in 'Kernel#load'
/usr/local/bundle/bin/bundle:108:in '<main>'
       error  build/javascripts/theme_switcher.js
       error  build/javascripts/all.js
uninitialized constant #<Class:#<Middleman::ConfigContext:0x0000ffff843820a0>>::Uglifier
/app/config.rb:74:in 'block (2 levels) in Middleman::Application#evaluate_configuration!'
/usr/local/bundle/ruby/3.4.0/gems/middleman-core-4.6.2/lib/middleman-core/extensions/minify_javascript.rb:46:in 'Middleman::Extensions::MinifyJavascript::Rack#initialize'
/usr/local/bundle/ruby/3.4.0/gems/contracts-0.17.3/lib/contracts/method_reference.rb:45:in 'Contracts::MethodReference#send_to'
/usr/local/bundle/ruby/3.4.0/gems/contracts-0.17.3/lib/contracts/call_with.rb:107:in 'Contracts::CallWith#call_with_inner'
/usr/local/bundle/ruby/3.4.0/gems/contracts-0.17.3/lib/contracts/method_handler.rb:137:in 'block (2 levels) in Middleman::Extensions::MinifyJavascript::Rack#redefine_method'
/usr/local/bundle/ruby/3.4.0/gems/contracts-0.17.3/lib/contracts/method_handler.rb:136:in 'Array#each'
/usr/local/bundle/ruby/3.4.0/gems/contracts-0.17.3/lib/contracts/method_handler.rb:136:in 'block in Middleman::Extensions::MinifyJavascript::Rack#redefine_method'
/usr/local/bundle/ruby/3.4.0/gems/rack-3.1.19/lib/rack/builder.rb:164:in 'Class#new'
/usr/local/bundle/ruby/3.4.0/gems/rack-3.1.19/lib/rack/builder.rb:164:in 'block in Rack::Builder#use'
/usr/local/bundle/ruby/3.4.0/gems/rack-3.1.19/lib/rack/builder.rb:268:in 'block in Rack::Builder#to_app'
/usr/local/bundle/ruby/3.4.0/gems/rack-3.1.19/lib/rack/builder.rb:268:in 'Array#each'
/usr/local/bundle/ruby/3.4.0/gems/rack-3.1.19/lib/rack/builder.rb:268:in 'Enumerable#inject'
/usr/local/bundle/ruby/3.4.0/gems/rack-3.1.19/lib/rack/builder.rb:268:in 'Rack::Builder#to_app'
/usr/local/bundle/ruby/3.4.0/gems/rack-3.1.19/lib/rack/builder.rb:277:in 'Rack::Builder#call'
/usr/local/bundle/ruby/3.4.0/gems/rack-3.1.19/lib/rack/mock_request.rb:76:in 'Rack::MockRequest#request'
/usr/local/bundle/ruby/3.4.0/gems/rack-3.1.19/lib/rack/mock_request.rb:49:in 'Rack::MockRequest#get'
/usr/local/bundle/ruby/3.4.0/gems/middleman-core-4.6.2/lib/middleman-core/builder.rb:233:in 'block in Middleman::Builder#output_resource'
/usr/local/bundle/ruby/3.4.0/gems/activesupport-8.1.1/lib/active_support/notifications.rb:212:in 'ActiveSupport::Notifications.instrument'
/usr/local/bundle/ruby/3.4.0/gems/middleman-core-4.6.2/lib/middleman-core/util.rb:26:in 'Middleman::Util.instrument'
/usr/local/bundle/ruby/3.4.0/gems/middleman-core-4.6.2/lib/middleman-core/builder.rb:226:in 'Middleman::Builder#output_resource'
/usr/local/bundle/ruby/3.4.0/gems/contracts-0.17.3/lib/contracts/method_reference.rb:45:in 'Contracts::MethodReference#send_to'
/usr/local/bundle/ruby/3.4.0/gems/contracts-0.17.3/lib/contracts/call_with.rb:107:in 'Contracts::CallWith#call_with_inner'
/usr/local/bundle/ruby/3.4.0/gems/contracts-0.17.3/lib/contracts/method_handler.rb:137:in 'block (2 levels) in Middleman::Builder#redefine_method'
/usr/local/bundle/ruby/3.4.0/gems/contracts-0.17.3/lib/contracts/method_handler.rb:136:in 'Array#each'
/usr/local/bundle/ruby/3.4.0/gems/contracts-0.17.3/lib/contracts/method_handler.rb:136:in 'block in Middleman::Builder#redefine_method'
/usr/local/bundle/ruby/3.4.0/gems/parallel-1.27.0/lib/parallel.rb:650:in 'Parallel.call_with_index'
/usr/local/bundle/ruby/3.4.0/gems/parallel-1.27.0/lib/parallel.rb:620:in 'Parallel.process_incoming_jobs'
/usr/local/bundle/ruby/3.4.0/gems/parallel-1.27.0/lib/parallel.rb:600:in 'block in Parallel.worker'
/usr/local/bundle/ruby/3.4.0/gems/parallel-1.27.0/lib/parallel.rb:591:in 'Process.fork'
/usr/local/bundle/ruby/3.4.0/gems/parallel-1.27.0/lib/parallel.rb:591:in 'Parallel.worker'
/usr/local/bundle/ruby/3.4.0/gems/parallel-1.27.0/lib/parallel.rb:582:in 'block in Parallel.create_workers'
/usr/local/bundle/ruby/3.4.0/gems/parallel-1.27.0/lib/parallel.rb:581:in 'Array#each'
/usr/local/bundle/ruby/3.4.0/gems/parallel-1.27.0/lib/parallel.rb:581:in 'Enumerable#each_with_index'
/usr/local/bundle/ruby/3.4.0/gems/parallel-1.27.0/lib/parallel.rb:581:in 'Parallel.create_workers'
/usr/local/bundle/ruby/3.4.0/gems/parallel-1.27.0/lib/parallel.rb:520:in 'Parallel.work_in_processes'
/usr/local/bundle/ruby/3.4.0/gems/parallel-1.27.0/lib/parallel.rb:291:in 'Parallel.map'
/usr/local/bundle/ruby/3.4.0/gems/middleman-core-4.6.2/lib/middleman-core/builder.rb:138:in 'Middleman::Builder#output_resources'
/usr/local/bundle/ruby/3.4.0/gems/contracts-0.17.3/lib/contracts/method_reference.rb:45:in 'Contracts::MethodReference#send_to'
/usr/local/bundle/ruby/3.4.0/gems/contracts-0.17.3/lib/contracts/call_with.rb:107:in 'Contracts::CallWith#call_with_inner'
/usr/local/bundle/ruby/3.4.0/gems/contracts-0.17.3/lib/contracts/method_handler.rb:137:in 'block (2 levels) in Middleman::Builder#redefine_method'
/usr/local/bundle/ruby/3.4.0/gems/contracts-0.17.3/lib/contracts/method_handler.rb:136:in 'Array#each'
/usr/local/bundle/ruby/3.4.0/gems/contracts-0.17.3/lib/contracts/method_handler.rb:136:in 'block in Middleman::Builder#redefine_method'
/usr/local/bundle/ruby/3.4.0/gems/middleman-core-4.6.2/lib/middleman-core/builder.rb:132:in 'Middleman::Builder#output_files'
/usr/local/bundle/ruby/3.4.0/gems/contracts-0.17.3/lib/contracts/method_reference.rb:45:in 'Contracts::MethodReference#send_to'
/usr/local/bundle/ruby/3.4.0/gems/contracts-0.17.3/lib/contracts/call_with.rb:107:in 'Contracts::CallWith#call_with_inner'
/usr/local/bundle/ruby/3.4.0/gems/contracts-0.17.3/lib/contracts/method_handler.rb:137:in 'block (2 levels) in Middleman::Builder#redefine_method'
/usr/local/bundle/ruby/3.4.0/gems/contracts-0.17.3/lib/contracts/method_handler.rb:136:in 'Array#each'
/usr/local/bundle/ruby/3.4.0/gems/contracts-0.17.3/lib/contracts/method_handler.rb:136:in 'block in Middleman::Builder#redefine_method'
/usr/local/bundle/ruby/3.4.0/gems/middleman-core-4.6.2/lib/middleman-core/builder.rb:72:in 'block in Middleman::Builder#run!'
/usr/local/bundle/ruby/3.4.0/gems/activesupport-8.1.1/lib/active_support/notifications.rb:212:in 'ActiveSupport::Notifications.instrument'
/usr/local/bundle/ruby/3.4.0/gems/middleman-core-4.6.2/lib/middleman-core/util.rb:26:in 'Middleman::Util.instrument'
/usr/local/bundle/ruby/3.4.0/gems/middleman-core-4.6.2/lib/middleman-core/builder.rb:71:in 'Middleman::Builder#run!'
/usr/local/bundle/ruby/3.4.0/gems/contracts-0.17.3/lib/contracts/method_reference.rb:45:in 'Contracts::MethodReference#send_to'
/usr/local/bundle/ruby/3.4.0/gems/contracts-0.17.3/lib/contracts/call_with.rb:107:in 'Contracts::CallWith#call_with_inner'
/usr/local/bundle/ruby/3.4.0/gems/contracts-0.17.3/lib/contracts/method_handler.rb:137:in 'block (2 levels) in Middleman::Builder#redefine_method'
/usr/local/bundle/ruby/3.4.0/gems/contracts-0.17.3/lib/contracts/method_handler.rb:136:in 'Array#each'
/usr/local/bundle/ruby/3.4.0/gems/contracts-0.17.3/lib/contracts/method_handler.rb:136:in 'block in Middleman::Builder#redefine_method'
/usr/local/bundle/ruby/3.4.0/gems/middleman-cli-4.6.2/lib/middleman-cli/build.rb:84:in 'block in Middleman::Cli::Build#build'
/usr/local/bundle/ruby/3.4.0/gems/activesupport-8.1.1/lib/active_support/notifications.rb:212:in 'ActiveSupport::Notifications.instrument'
/usr/local/bundle/ruby/3.4.0/gems/middleman-core-4.6.2/lib/middleman-core/util.rb:26:in 'Middleman::Util.instrument'
/usr/local/bundle/ruby/3.4.0/gems/middleman-cli-4.6.2/lib/middleman-cli/build.rb:83:in 'Middleman::Cli::Build#build'
/usr/local/bundle/ruby/3.4.0/gems/thor-1.4.0/lib/thor/command.rb:28:in 'Thor::Command#run'
/usr/local/bundle/ruby/3.4.0/gems/thor-1.4.0/lib/thor/invocation.rb:127:in 'Thor::Invocation#invoke_command'
/usr/local/bundle/ruby/3.4.0/gems/thor-1.4.0/lib/thor/invocation.rb:134:in 'block in Thor::Invocation#invoke_all'
/usr/local/bundle/ruby/3.4.0/gems/thor-1.4.0/lib/thor/invocation.rb:134:in 'Hash#each'
/usr/local/bundle/ruby/3.4.0/gems/thor-1.4.0/lib/thor/invocation.rb:134:in 'Enumerable#map'
/usr/local/bundle/ruby/3.4.0/gems/thor-1.4.0/lib/thor/invocation.rb:134:in 'Thor::Invocation#invoke_all'
/usr/local/bundle/ruby/3.4.0/gems/thor-1.4.0/lib/thor/group.rb:243:in 'Thor::Group.dispatch'
/usr/local/bundle/ruby/3.4.0/gems/thor-1.4.0/lib/thor/invocation.rb:116:in 'Thor::Invocation#invoke'
/usr/local/bundle/ruby/3.4.0/gems/thor-1.4.0/lib/thor.rb:40:in 'block in Middleman::Cli::Base#register'
/usr/local/bundle/ruby/3.4.0/gems/thor-1.4.0/lib/thor/command.rb:28:in 'Thor::Command#run'
/usr/local/bundle/ruby/3.4.0/gems/thor-1.4.0/lib/thor/invocation.rb:127:in 'Thor::Invocation#invoke_command'
/usr/local/bundle/ruby/3.4.0/gems/thor-1.4.0/lib/thor.rb:538:in 'Thor.dispatch'
/usr/local/bundle/ruby/3.4.0/gems/thor-1.4.0/lib/thor/base.rb:584:in 'Thor::Base::ClassMethods#start'
/usr/local/bundle/ruby/3.4.0/gems/middleman-cli-4.6.2/bin/middleman:70:in '<top (required)>'
/usr/local/bundle/ruby/3.4.0/bin/middleman:25:in 'Kernel#load'
/usr/local/bundle/ruby/3.4.0/bin/middleman:25:in '<top (required)>'
/usr/local/lib/ruby/3.4.0/bundler/cli/exec.rb:59:in 'Kernel.load'
/usr/local/lib/ruby/3.4.0/bundler/cli/exec.rb:59:in 'Bundler::CLI::Exec#kernel_load'
/usr/local/lib/ruby/3.4.0/bundler/cli/exec.rb:23:in 'Bundler::CLI::Exec#run'
/usr/local/lib/ruby/3.4.0/bundler/cli.rb:452:in 'Bundler::CLI#exec'
/usr/local/lib/ruby/3.4.0/bundler/vendor/thor/lib/thor/command.rb:28:in 'Bundler::Thor::Command#run'
/usr/local/lib/ruby/3.4.0/bundler/vendor/thor/lib/thor/invocation.rb:127:in 'Bundler::Thor::Invocation#invoke_command'
/usr/local/lib/ruby/3.4.0/bundler/vendor/thor/lib/thor.rb:538:in 'Bundler::Thor.dispatch'
/usr/local/lib/ruby/3.4.0/bundler/cli.rb:35:in 'Bundler::CLI.dispatch'
/usr/local/lib/ruby/3.4.0/bundler/vendor/thor/lib/thor/base.rb:584:in 'Bundler::Thor::Base::ClassMethods#start'
/usr/local/lib/ruby/3.4.0/bundler/cli.rb:29:in 'Bundler::CLI.start'
/usr/local/lib/ruby/gems/3.4.0/gems/bundler-2.6.9/exe/bundle:28:in 'block in <top (required)>'
/usr/local/lib/ruby/3.4.0/bundler/friendly_errors.rb:117:in 'Bundler.with_friendly_errors'
/usr/local/lib/ruby/gems/3.4.0/gems/bundler-2.6.9/exe/bundle:20:in '<top (required)>'
/usr/local/bundle/bin/bundle:108:in 'Kernel#load'
/usr/local/bundle/bin/bundle:108:in '<main>'
uninitialized constant #<Class:#<Middleman::ConfigContext:0x0000ffff843820a0>>::Uglifier
/app/config.rb:74:in 'block (2 levels) in Middleman::Application#evaluate_configuration!'
/usr/local/bundle/ruby/3.4.0/gems/middleman-core-4.6.2/lib/middleman-core/extensions/minify_javascript.rb:46:in 'Middleman::Extensions::MinifyJavascript::Rack#initialize'
/usr/local/bundle/ruby/3.4.0/gems/contracts-0.17.3/lib/contracts/method_reference.rb:45:in 'Contracts::MethodReference#send_to'
/usr/local/bundle/ruby/3.4.0/gems/contracts-0.17.3/lib/contracts/call_with.rb:107:in 'Contracts::CallWith#call_with_inner'
/usr/local/bundle/ruby/3.4.0/gems/contracts-0.17.3/lib/contracts/method_handler.rb:137:in 'block (2 levels) in Middleman::Extensions::MinifyJavascript::Rack#redefine_method'
/usr/local/bundle/ruby/3.4.0/gems/contracts-0.17.3/lib/contracts/method_handler.rb:136:in 'Array#each'
/usr/local/bundle/ruby/3.4.0/gems/contracts-0.17.3/lib/contracts/method_handler.rb:136:in 'block in Middleman::Extensions::MinifyJavascript::Rack#redefine_method'
/usr/local/bundle/ruby/3.4.0/gems/rack-3.1.19/lib/rack/builder.rb:164:in 'Class#new'
/usr/local/bundle/ruby/3.4.0/gems/rack-3.1.19/lib/rack/builder.rb:164:in 'block in Rack::Builder#use'
/usr/local/bundle/ruby/3.4.0/gems/rack-3.1.19/lib/rack/builder.rb:268:in 'block in Rack::Builder#to_app'
/usr/local/bundle/ruby/3.4.0/gems/rack-3.1.19/lib/rack/builder.rb:268:in 'Array#each'
/usr/local/bundle/ruby/3.4.0/gems/rack-3.1.19/lib/rack/builder.rb:268:in 'Enumerable#inject'
/usr/local/bundle/ruby/3.4.0/gems/rack-3.1.19/lib/rack/builder.rb:268:in 'Rack::Builder#to_app'
/usr/local/bundle/ruby/3.4.0/gems/rack-3.1.19/lib/rack/builder.rb:277:in 'Rack::Builder#call'
/usr/local/bundle/ruby/3.4.0/gems/rack-3.1.19/lib/rack/mock_request.rb:76:in 'Rack::MockRequest#request'
/usr/local/bundle/ruby/3.4.0/gems/rack-3.1.19/lib/rack/mock_request.rb:49:in 'Rack::MockRequest#get'
/usr/local/bundle/ruby/3.4.0/gems/middleman-core-4.6.2/lib/middleman-core/builder.rb:233:in 'block in Middleman::Builder#output_resource'
/usr/local/bundle/ruby/3.4.0/gems/activesupport-8.1.1/lib/active_support/notifications.rb:212:in 'ActiveSupport::Notifications.instrument'
/usr/local/bundle/ruby/3.4.0/gems/middleman-core-4.6.2/lib/middleman-core/util.rb:26:in 'Middleman::Util.instrument'
/usr/local/bundle/ruby/3.4.0/gems/middleman-core-4.6.2/lib/middleman-core/builder.rb:226:in 'Middleman::Builder#output_resource'
/usr/local/bundle/ruby/3.4.0/gems/contracts-0.17.3/lib/contracts/method_reference.rb:45:in 'Contracts::MethodReference#send_to'
/usr/local/bundle/ruby/3.4.0/gems/contracts-0.17.3/lib/contracts/call_with.rb:107:in 'Contracts::CallWith#call_with_inner'
/usr/local/bundle/ruby/3.4.0/gems/contracts-0.17.3/lib/contracts/method_handler.rb:137:in 'block (2 levels) in Middleman::Builder#redefine_method'
/usr/local/bundle/ruby/3.4.0/gems/contracts-0.17.3/lib/contracts/method_handler.rb:136:in 'Array#each'
/usr/local/bundle/ruby/3.4.0/gems/contracts-0.17.3/lib/contracts/method_handler.rb:136:in 'block in Middleman::Builder#redefine_method'
/usr/local/bundle/ruby/3.4.0/gems/parallel-1.27.0/lib/parallel.rb:650:in 'Parallel.call_with_index'
/usr/local/bundle/ruby/3.4.0/gems/parallel-1.27.0/lib/parallel.rb:620:in 'Parallel.process_incoming_jobs'
/usr/local/bundle/ruby/3.4.0/gems/parallel-1.27.0/lib/parallel.rb:600:in 'block in Parallel.worker'
/usr/local/bundle/ruby/3.4.0/gems/parallel-1.27.0/lib/parallel.rb:591:in 'Process.fork'
/usr/local/bundle/ruby/3.4.0/gems/parallel-1.27.0/lib/parallel.rb:591:in 'Parallel.worker'
/usr/local/bundle/ruby/3.4.0/gems/parallel-1.27.0/lib/parallel.rb:582:in 'block in Parallel.create_workers'
/usr/local/bundle/ruby/3.4.0/gems/parallel-1.27.0/lib/parallel.rb:581:in 'Array#each'
/usr/local/bundle/ruby/3.4.0/gems/parallel-1.27.0/lib/parallel.rb:581:in 'Enumerable#each_with_index'
/usr/local/bundle/ruby/3.4.0/gems/parallel-1.27.0/lib/parallel.rb:581:in 'Parallel.create_workers'
/usr/local/bundle/ruby/3.4.0/gems/parallel-1.27.0/lib/parallel.rb:520:in 'Parallel.work_in_processes'
/usr/local/bundle/ruby/3.4.0/gems/parallel-1.27.0/lib/parallel.rb:291:in 'Parallel.map'
/usr/local/bundle/ruby/3.4.0/gems/middleman-core-4.6.2/lib/middleman-core/builder.rb:138:in 'Middleman::Builder#output_resources'
/usr/local/bundle/ruby/3.4.0/gems/contracts-0.17.3/lib/contracts/method_reference.rb:45:in 'Contracts::MethodReference#send_to'
/usr/local/bundle/ruby/3.4.0/gems/contracts-0.17.3/lib/contracts/call_with.rb:107:in 'Contracts::CallWith#call_with_inner'
/usr/local/bundle/ruby/3.4.0/gems/contracts-0.17.3/lib/contracts/method_handler.rb:137:in 'block (2 levels) in Middleman::Builder#redefine_method'
/usr/local/bundle/ruby/3.4.0/gems/contracts-0.17.3/lib/contracts/method_handler.rb:136:in 'Array#each'
/usr/local/bundle/ruby/3.4.0/gems/contracts-0.17.3/lib/contracts/method_handler.rb:136:in 'block in Middleman::Builder#redefine_method'
/usr/local/bundle/ruby/3.4.0/gems/middleman-core-4.6.2/lib/middleman-core/builder.rb:132:in 'Middleman::Builder#output_files'
/usr/local/bundle/ruby/3.4.0/gems/contracts-0.17.3/lib/contracts/method_reference.rb:45:in 'Contracts::MethodReference#send_to'
/usr/local/bundle/ruby/3.4.0/gems/contracts-0.17.3/lib/contracts/call_with.rb:107:in 'Contracts::CallWith#call_with_inner'
/usr/local/bundle/ruby/3.4.0/gems/contracts-0.17.3/lib/contracts/method_handler.rb:137:in 'block (2 levels) in Middleman::Builder#redefine_method'
/usr/local/bundle/ruby/3.4.0/gems/contracts-0.17.3/lib/contracts/method_handler.rb:136:in 'Array#each'
/usr/local/bundle/ruby/3.4.0/gems/contracts-0.17.3/lib/contracts/method_handler.rb:136:in 'block in Middleman::Builder#redefine_method'
/usr/local/bundle/ruby/3.4.0/gems/middleman-core-4.6.2/lib/middleman-core/builder.rb:72:in 'block in Middleman::Builder#run!'
/usr/local/bundle/ruby/3.4.0/gems/activesupport-8.1.1/lib/active_support/notifications.rb:212:in 'ActiveSupport::Notifications.instrument'
/usr/local/bundle/ruby/3.4.0/gems/middleman-core-4.6.2/lib/middleman-core/util.rb:26:in 'Middleman::Util.instrument'
/usr/local/bundle/ruby/3.4.0/gems/middleman-core-4.6.2/lib/middleman-core/builder.rb:71:in 'Middleman::Builder#run!'
/usr/local/bundle/ruby/3.4.0/gems/contracts-0.17.3/lib/contracts/method_reference.rb:45:in 'Contracts::MethodReference#send_to'
/usr/local/bundle/ruby/3.4.0/gems/contracts-0.17.3/lib/contracts/call_with.rb:107:in 'Contracts::CallWith#call_with_inner'
/usr/local/bundle/ruby/3.4.0/gems/contracts-0.17.3/lib/contracts/method_handler.rb:137:in 'block (2 levels) in Middleman::Builder#redefine_method'
/usr/local/bundle/ruby/3.4.0/gems/contracts-0.17.3/lib/contracts/method_handler.rb:136:in 'Array#each'
/usr/local/bundle/ruby/3.4.0/gems/contracts-0.17.3/lib/contracts/method_handler.rb:136:in 'block in Middleman::Builder#redefine_method'
/usr/local/bundle/ruby/3.4.0/gems/middleman-cli-4.6.2/lib/middleman-cli/build.rb:84:in 'block in Middleman::Cli::Build#build'
/usr/local/bundle/ruby/3.4.0/gems/activesupport-8.1.1/lib/active_support/notifications.rb:212:in 'ActiveSupport::Notifications.instrument'
/usr/local/bundle/ruby/3.4.0/gems/middleman-core-4.6.2/lib/middleman-core/util.rb:26:in 'Middleman::Util.instrument'
/usr/local/bundle/ruby/3.4.0/gems/middleman-cli-4.6.2/lib/middleman-cli/build.rb:83:in 'Middleman::Cli::Build#build'
/usr/local/bundle/ruby/3.4.0/gems/thor-1.4.0/lib/thor/command.rb:28:in 'Thor::Command#run'
/usr/local/bundle/ruby/3.4.0/gems/thor-1.4.0/lib/thor/invocation.rb:127:in 'Thor::Invocation#invoke_command'
/usr/local/bundle/ruby/3.4.0/gems/thor-1.4.0/lib/thor/invocation.rb:134:in 'block in Thor::Invocation#invoke_all'
/usr/local/bundle/ruby/3.4.0/gems/thor-1.4.0/lib/thor/invocation.rb:134:in 'Hash#each'
/usr/local/bundle/ruby/3.4.0/gems/thor-1.4.0/lib/thor/invocation.rb:134:in 'Enumerable#map'
/usr/local/bundle/ruby/3.4.0/gems/thor-1.4.0/lib/thor/invocation.rb:134:in 'Thor::Invocation#invoke_all'
/usr/local/bundle/ruby/3.4.0/gems/thor-1.4.0/lib/thor/group.rb:243:in 'Thor::Group.dispatch'
/usr/local/bundle/ruby/3.4.0/gems/thor-1.4.0/lib/thor/invocation.rb:116:in 'Thor::Invocation#invoke'
/usr/local/bundle/ruby/3.4.0/gems/thor-1.4.0/lib/thor.rb:40:in 'block in Middleman::Cli::Base#register'
/usr/local/bundle/ruby/3.4.0/gems/thor-1.4.0/lib/thor/command.rb:28:in 'Thor::Command#run'
/usr/local/bundle/ruby/3.4.0/gems/thor-1.4.0/lib/thor/invocation.rb:127:in 'Thor::Invocation#invoke_command'
/usr/local/bundle/ruby/3.4.0/gems/thor-1.4.0/lib/thor.rb:538:in 'Thor.dispatch'
/usr/local/bundle/ruby/3.4.0/gems/thor-1.4.0/lib/thor/base.rb:584:in 'Thor::Base::ClassMethods#start'
/usr/local/bundle/ruby/3.4.0/gems/middleman-cli-4.6.2/bin/middleman:70:in '<top (required)>'
/usr/local/bundle/ruby/3.4.0/bin/middleman:25:in 'Kernel#load'
/usr/local/bundle/ruby/3.4.0/bin/middleman:25:in '<top (required)>'
/usr/local/lib/ruby/3.4.0/bundler/cli/exec.rb:59:in 'Kernel.load'
/usr/local/lib/ruby/3.4.0/bundler/cli/exec.rb:59:in 'Bundler::CLI::Exec#kernel_load'
/usr/local/lib/ruby/3.4.0/bundler/cli/exec.rb:23:in 'Bundler::CLI::Exec#run'
/usr/local/lib/ruby/3.4.0/bundler/cli.rb:452:in 'Bundler::CLI#exec'
/usr/local/lib/ruby/3.4.0/bundler/vendor/thor/lib/thor/command.rb:28:in 'Bundler::Thor::Command#run'
/usr/local/lib/ruby/3.4.0/bundler/vendor/thor/lib/thor/invocation.rb:127:in 'Bundler::Thor::Invocation#invoke_command'
/usr/local/lib/ruby/3.4.0/bundler/vendor/thor/lib/thor.rb:538:in 'Bundler::Thor.dispatch'
/usr/local/lib/ruby/3.4.0/bundler/cli.rb:35:in 'Bundler::CLI.dispatch'
/usr/local/lib/ruby/3.4.0/bundler/vendor/thor/lib/thor/base.rb:584:in 'Bundler::Thor::Base::ClassMethods#start'
/usr/local/lib/ruby/3.4.0/bundler/cli.rb:29:in 'Bundler::CLI.start'
/usr/local/lib/ruby/gems/3.4.0/gems/bundler-2.6.9/exe/bundle:28:in 'block in <top (required)>'
/usr/local/lib/ruby/3.4.0/bundler/friendly_errors.rb:117:in 'Bundler.with_friendly_errors'
/usr/local/lib/ruby/gems/3.4.0/gems/bundler-2.6.9/exe/bundle:20:in '<top (required)>'
/usr/local/bundle/bin/bundle:108:in 'Kernel#load'
/usr/local/bundle/bin/bundle:108:in '<main>'
       error  build/cv/index.html
       error  build/security/index.html
uninitialized constant #<Class:#<Middleman::ConfigContext:0x0000ffff843820a0>>::Uglifier
/app/config.rb:74:in 'block (2 levels) in Middleman::Application#evaluate_configuration!'
/usr/local/bundle/ruby/3.4.0/gems/middleman-core-4.6.2/lib/middleman-core/extensions/minify_javascript.rb:46:in 'Middleman::Extensions::MinifyJavascript::Rack#initialize'
/usr/local/bundle/ruby/3.4.0/gems/contracts-0.17.3/lib/contracts/method_reference.rb:45:in 'Contracts::MethodReference#send_to'
/usr/local/bundle/ruby/3.4.0/gems/contracts-0.17.3/lib/contracts/call_with.rb:107:in 'Contracts::CallWith#call_with_inner'
/usr/local/bundle/ruby/3.4.0/gems/contracts-0.17.3/lib/contracts/method_handler.rb:137:in 'block (2 levels) in Middleman::Extensions::MinifyJavascript::Rack#redefine_method'
/usr/local/bundle/ruby/3.4.0/gems/contracts-0.17.3/lib/contracts/method_handler.rb:136:in 'Array#each'
/usr/local/bundle/ruby/3.4.0/gems/contracts-0.17.3/lib/contracts/method_handler.rb:136:in 'block in Middleman::Extensions::MinifyJavascript::Rack#redefine_method'
/usr/local/bundle/ruby/3.4.0/gems/rack-3.1.19/lib/rack/builder.rb:164:in 'Class#new'
/usr/local/bundle/ruby/3.4.0/gems/rack-3.1.19/lib/rack/builder.rb:164:in 'block in Rack::Builder#use'
/usr/local/bundle/ruby/3.4.0/gems/rack-3.1.19/lib/rack/builder.rb:268:in 'block in Rack::Builder#to_app'
/usr/local/bundle/ruby/3.4.0/gems/rack-3.1.19/lib/rack/builder.rb:268:in 'Array#each'
/usr/local/bundle/ruby/3.4.0/gems/rack-3.1.19/lib/rack/builder.rb:268:in 'Enumerable#inject'
/usr/local/bundle/ruby/3.4.0/gems/rack-3.1.19/lib/rack/builder.rb:268:in 'Rack::Builder#to_app'
/usr/local/bundle/ruby/3.4.0/gems/rack-3.1.19/lib/rack/builder.rb:277:in 'Rack::Builder#call'
/usr/local/bundle/ruby/3.4.0/gems/rack-3.1.19/lib/rack/mock_request.rb:76:in 'Rack::MockRequest#request'
/usr/local/bundle/ruby/3.4.0/gems/rack-3.1.19/lib/rack/mock_request.rb:49:in 'Rack::MockRequest#get'
/usr/local/bundle/ruby/3.4.0/gems/middleman-core-4.6.2/lib/middleman-core/builder.rb:233:in 'block in Middleman::Builder#output_resource'
/usr/local/bundle/ruby/3.4.0/gems/activesupport-8.1.1/lib/active_support/notifications.rb:212:in 'ActiveSupport::Notifications.instrument'
/usr/local/bundle/ruby/3.4.0/gems/middleman-core-4.6.2/lib/middleman-core/util.rb:26:in 'Middleman::Util.instrument'
/usr/local/bundle/ruby/3.4.0/gems/middleman-core-4.6.2/lib/middleman-core/builder.rb:226:in 'Middleman::Builder#output_resource'
/usr/local/bundle/ruby/3.4.0/gems/contracts-0.17.3/lib/contracts/method_reference.rb:45:in 'Contracts::MethodReference#send_to'
/usr/local/bundle/ruby/3.4.0/gems/contracts-0.17.3/lib/contracts/call_with.rb:107:in 'Contracts::CallWith#call_with_inner'
/usr/local/bundle/ruby/3.4.0/gems/contracts-0.17.3/lib/contracts/method_handler.rb:137:in 'block (2 levels) in Middleman::Builder#redefine_method'
/usr/local/bundle/ruby/3.4.0/gems/contracts-0.17.3/lib/contracts/method_handler.rb:136:in 'Array#each'
/usr/local/bundle/ruby/3.4.0/gems/contracts-0.17.3/lib/contracts/method_handler.rb:136:in 'block in Middleman::Builder#redefine_method'
/usr/local/bundle/ruby/3.4.0/gems/parallel-1.27.0/lib/parallel.rb:650:in 'Parallel.call_with_index'
/usr/local/bundle/ruby/3.4.0/gems/parallel-1.27.0/lib/parallel.rb:620:in 'Parallel.process_incoming_jobs'
/usr/local/bundle/ruby/3.4.0/gems/parallel-1.27.0/lib/parallel.rb:600:in 'block in Parallel.worker'
/usr/local/bundle/ruby/3.4.0/gems/parallel-1.27.0/lib/parallel.rb:591:in 'Process.fork'
/usr/local/bundle/ruby/3.4.0/gems/parallel-1.27.0/lib/parallel.rb:591:in 'Parallel.worker'
/usr/local/bundle/ruby/3.4.0/gems/parallel-1.27.0/lib/parallel.rb:582:in 'block in Parallel.create_workers'
/usr/local/bundle/ruby/3.4.0/gems/parallel-1.27.0/lib/parallel.rb:581:in 'Array#each'
/usr/local/bundle/ruby/3.4.0/gems/parallel-1.27.0/lib/parallel.rb:581:in 'Enumerable#each_with_index'
/usr/local/bundle/ruby/3.4.0/gems/parallel-1.27.0/lib/parallel.rb:581:in 'Parallel.create_workers'
/usr/local/bundle/ruby/3.4.0/gems/parallel-1.27.0/lib/parallel.rb:520:in 'Parallel.work_in_processes'
/usr/local/bundle/ruby/3.4.0/gems/parallel-1.27.0/lib/parallel.rb:291:in 'Parallel.map'
/usr/local/bundle/ruby/3.4.0/gems/middleman-core-4.6.2/lib/middleman-core/builder.rb:138:in 'Middleman::Builder#output_resources'
/usr/local/bundle/ruby/3.4.0/gems/contracts-0.17.3/lib/contracts/method_reference.rb:45:in 'Contracts::MethodReference#send_to'
/usr/local/bundle/ruby/3.4.0/gems/contracts-0.17.3/lib/contracts/call_with.rb:107:in 'Contracts::CallWith#call_with_inner'
/usr/local/bundle/ruby/3.4.0/gems/contracts-0.17.3/lib/contracts/method_handler.rb:137:in 'block (2 levels) in Middleman::Builder#redefine_method'
/usr/local/bundle/ruby/3.4.0/gems/contracts-0.17.3/lib/contracts/method_handler.rb:136:in 'Array#each'
/usr/local/bundle/ruby/3.4.0/gems/contracts-0.17.3/lib/contracts/method_handler.rb:136:in 'block in Middleman::Builder#redefine_method'
/usr/local/bundle/ruby/3.4.0/gems/middleman-core-4.6.2/lib/middleman-core/builder.rb:132:in 'Middleman::Builder#output_files'
/usr/local/bundle/ruby/3.4.0/gems/contracts-0.17.3/lib/contracts/method_reference.rb:45:in 'Contracts::MethodReference#send_to'
/usr/local/bundle/ruby/3.4.0/gems/contracts-0.17.3/lib/contracts/call_with.rb:107:in 'Contracts::CallWith#call_with_inner'
/usr/local/bundle/ruby/3.4.0/gems/contracts-0.17.3/lib/contracts/method_handler.rb:137:in 'block (2 levels) in Middleman::Builder#redefine_method'
/usr/local/bundle/ruby/3.4.0/gems/contracts-0.17.3/lib/contracts/method_handler.rb:136:in 'Array#each'
/usr/local/bundle/ruby/3.4.0/gems/contracts-0.17.3/lib/contracts/method_handler.rb:136:in 'block in Middleman::Builder#redefine_method'
/usr/local/bundle/ruby/3.4.0/gems/middleman-core-4.6.2/lib/middleman-core/builder.rb:72:in 'block in Middleman::Builder#run!'
/usr/local/bundle/ruby/3.4.0/gems/activesupport-8.1.1/lib/active_support/notifications.rb:212:in 'ActiveSupport::Notifications.instrument'
/usr/local/bundle/ruby/3.4.0/gems/middleman-core-4.6.2/lib/middleman-core/util.rb:26:in 'Middleman::Util.instrument'
/usr/local/bundle/ruby/3.4.0/gems/middleman-core-4.6.2/lib/middleman-core/builder.rb:71:in 'Middleman::Builder#run!'
/usr/local/bundle/ruby/3.4.0/gems/contracts-0.17.3/lib/contracts/method_reference.rb:45:in 'Contracts::MethodReference#send_to'
/usr/local/bundle/ruby/3.4.0/gems/contracts-0.17.3/lib/contracts/call_with.rb:107:in 'Contracts::CallWith#call_with_inner'
/usr/local/bundle/ruby/3.4.0/gems/contracts-0.17.3/lib/contracts/method_handler.rb:137:in 'block (2 levels) in Middleman::Builder#redefine_method'
/usr/local/bundle/ruby/3.4.0/gems/contracts-0.17.3/lib/contracts/method_handler.rb:136:in 'Array#each'
/usr/local/bundle/ruby/3.4.0/gems/contracts-0.17.3/lib/contracts/method_handler.rb:136:in 'block in Middleman::Builder#redefine_method'
/usr/local/bundle/ruby/3.4.0/gems/middleman-cli-4.6.2/lib/middleman-cli/build.rb:84:in 'block in Middleman::Cli::Build#build'
/usr/local/bundle/ruby/3.4.0/gems/activesupport-8.1.1/lib/active_support/notifications.rb:212:in 'ActiveSupport::Notifications.instrument'
/usr/local/bundle/ruby/3.4.0/gems/middleman-core-4.6.2/lib/middleman-core/util.rb:26:in 'Middleman::Util.instrument'
/usr/local/bundle/ruby/3.4.0/gems/middleman-cli-4.6.2/lib/middleman-cli/build.rb:83:in 'Middleman::Cli::Build#build'
/usr/local/bundle/ruby/3.4.0/gems/thor-1.4.0/lib/thor/command.rb:28:in 'Thor::Command#run'
/usr/local/bundle/ruby/3.4.0/gems/thor-1.4.0/lib/thor/invocation.rb:127:in 'Thor::Invocation#invoke_command'
/usr/local/bundle/ruby/3.4.0/gems/thor-1.4.0/lib/thor/invocation.rb:134:in 'block in Thor::Invocation#invoke_all'
/usr/local/bundle/ruby/3.4.0/gems/thor-1.4.0/lib/thor/invocation.rb:134:in 'Hash#each'
/usr/local/bundle/ruby/3.4.0/gems/thor-1.4.0/lib/thor/invocation.rb:134:in 'Enumerable#map'
/usr/local/bundle/ruby/3.4.0/gems/thor-1.4.0/lib/thor/invocation.rb:134:in 'Thor::Invocation#invoke_all'
/usr/local/bundle/ruby/3.4.0/gems/thor-1.4.0/lib/thor/group.rb:243:in 'Thor::Group.dispatch'
/usr/local/bundle/ruby/3.4.0/gems/thor-1.4.0/lib/thor/invocation.rb:116:in 'Thor::Invocation#invoke'
/usr/local/bundle/ruby/3.4.0/gems/thor-1.4.0/lib/thor.rb:40:in 'block in Middleman::Cli::Base#register'
/usr/local/bundle/ruby/3.4.0/gems/thor-1.4.0/lib/thor/command.rb:28:in 'Thor::Command#run'
/usr/local/bundle/ruby/3.4.0/gems/thor-1.4.0/lib/thor/invocation.rb:127:in 'Thor::Invocation#invoke_command'
/usr/local/bundle/ruby/3.4.0/gems/thor-1.4.0/lib/thor.rb:538:in 'Thor.dispatch'
/usr/local/bundle/ruby/3.4.0/gems/thor-1.4.0/lib/thor/base.rb:584:in 'Thor::Base::ClassMethods#start'
/usr/local/bundle/ruby/3.4.0/gems/middleman-cli-4.6.2/bin/middleman:70:in '<top (required)>'
/usr/local/bundle/ruby/3.4.0/bin/middleman:25:in 'Kernel#load'
/usr/local/bundle/ruby/3.4.0/bin/middleman:25:in '<top (required)>'
/usr/local/lib/ruby/3.4.0/bundler/cli/exec.rb:59:in 'Kernel.load'
/usr/local/lib/ruby/3.4.0/bundler/cli/exec.rb:59:in 'Bundler::CLI::Exec#kernel_load'
/usr/local/lib/ruby/3.4.0/bundler/cli/exec.rb:23:in 'Bundler::CLI::Exec#run'
/usr/local/lib/ruby/3.4.0/bundler/cli.rb:452:in 'Bundler::CLI#exec'
/usr/local/lib/ruby/3.4.0/bundler/vendor/thor/lib/thor/command.rb:28:in 'Bundler::Thor::Command#run'
/usr/local/lib/ruby/3.4.0/bundler/vendor/thor/lib/thor/invocation.rb:127:in 'Bundler::Thor::Invocation#invoke_command'
/usr/local/lib/ruby/3.4.0/bundler/vendor/thor/lib/thor.rb:538:in 'Bundler::Thor.dispatch'
/usr/local/lib/ruby/3.4.0/bundler/cli.rb:35:in 'Bundler::CLI.dispatch'
/usr/local/lib/ruby/3.4.0/bundler/vendor/thor/lib/thor/base.rb:584:in 'Bundler::Thor::Base::ClassMethods#start'
/usr/local/lib/ruby/3.4.0/bundler/cli.rb:29:in 'Bundler::CLI.start'
/usr/local/lib/ruby/gems/3.4.0/gems/bundler-2.6.9/exe/bundle:28:in 'block in <top (required)>'
/usr/local/lib/ruby/3.4.0/bundler/friendly_errors.rb:117:in 'Bundler.with_friendly_errors'
/usr/local/lib/ruby/gems/3.4.0/gems/bundler-2.6.9/exe/bundle:20:in '<top (required)>'
/usr/local/bundle/bin/bundle:108:in 'Kernel#load'
/usr/local/bundle/bin/bundle:108:in '<main>'
uninitialized constant #<Class:#<Middleman::ConfigContext:0x0000ffff843820a0>>::Uglifier
/app/config.rb:74:in 'block (2 levels) in Middleman::Application#evaluate_configuration!'
/usr/local/bundle/ruby/3.4.0/gems/middleman-core-4.6.2/lib/middleman-core/extensions/minify_javascript.rb:46:in 'Middleman::Extensions::MinifyJavascript::Rack#initialize'
/usr/local/bundle/ruby/3.4.0/gems/contracts-0.17.3/lib/contracts/method_reference.rb:45:in 'Contracts::MethodReference#send_to'
/usr/local/bundle/ruby/3.4.0/gems/contracts-0.17.3/lib/contracts/call_with.rb:107:in 'Contracts::CallWith#call_with_inner'
/usr/local/bundle/ruby/3.4.0/gems/contracts-0.17.3/lib/contracts/method_handler.rb:137:in 'block (2 levels) in Middleman::Extensions::MinifyJavascript::Rack#redefine_method'
/usr/local/bundle/ruby/3.4.0/gems/contracts-0.17.3/lib/contracts/method_handler.rb:136:in 'Array#each'
/usr/local/bundle/ruby/3.4.0/gems/contracts-0.17.3/lib/contracts/method_handler.rb:136:in 'block in Middleman::Extensions::MinifyJavascript::Rack#redefine_method'
/usr/local/bundle/ruby/3.4.0/gems/rack-3.1.19/lib/rack/builder.rb:164:in 'Class#new'
/usr/local/bundle/ruby/3.4.0/gems/rack-3.1.19/lib/rack/builder.rb:164:in 'block in Rack::Builder#use'
/usr/local/bundle/ruby/3.4.0/gems/rack-3.1.19/lib/rack/builder.rb:268:in 'block in Rack::Builder#to_app'
/usr/local/bundle/ruby/3.4.0/gems/rack-3.1.19/lib/rack/builder.rb:268:in 'Array#each'
/usr/local/bundle/ruby/3.4.0/gems/rack-3.1.19/lib/rack/builder.rb:268:in 'Enumerable#inject'
/usr/local/bundle/ruby/3.4.0/gems/rack-3.1.19/lib/rack/builder.rb:268:in 'Rack::Builder#to_app'
/usr/local/bundle/ruby/3.4.0/gems/rack-3.1.19/lib/rack/builder.rb:277:in 'Rack::Builder#call'
/usr/local/bundle/ruby/3.4.0/gems/rack-3.1.19/lib/rack/mock_request.rb:76:in 'Rack::MockRequest#request'
/usr/local/bundle/ruby/3.4.0/gems/rack-3.1.19/lib/rack/mock_request.rb:49:in 'Rack::MockRequest#get'
/usr/local/bundle/ruby/3.4.0/gems/middleman-core-4.6.2/lib/middleman-core/builder.rb:233:in 'block in Middleman::Builder#output_resource'
/usr/local/bundle/ruby/3.4.0/gems/activesupport-8.1.1/lib/active_support/notifications.rb:212:in 'ActiveSupport::Notifications.instrument'
/usr/local/bundle/ruby/3.4.0/gems/middleman-core-4.6.2/lib/middleman-core/util.rb:26:in 'Middleman::Util.instrument'
/usr/local/bundle/ruby/3.4.0/gems/middleman-core-4.6.2/lib/middleman-core/builder.rb:226:in 'Middleman::Builder#output_resource'
/usr/local/bundle/ruby/3.4.0/gems/contracts-0.17.3/lib/contracts/method_reference.rb:45:in 'Contracts::MethodReference#send_to'
/usr/local/bundle/ruby/3.4.0/gems/contracts-0.17.3/lib/contracts/call_with.rb:107:in 'Contracts::CallWith#call_with_inner'
/usr/local/bundle/ruby/3.4.0/gems/contracts-0.17.3/lib/contracts/method_handler.rb:137:in 'block (2 levels) in Middleman::Builder#redefine_method'
/usr/local/bundle/ruby/3.4.0/gems/contracts-0.17.3/lib/contracts/method_handler.rb:136:in 'Array#each'
/usr/local/bundle/ruby/3.4.0/gems/contracts-0.17.3/lib/contracts/method_handler.rb:136:in 'block in Middleman::Builder#redefine_method'
/usr/local/bundle/ruby/3.4.0/gems/parallel-1.27.0/lib/parallel.rb:650:in 'Parallel.call_with_index'
/usr/local/bundle/ruby/3.4.0/gems/parallel-1.27.0/lib/parallel.rb:620:in 'Parallel.process_incoming_jobs'
/usr/local/bundle/ruby/3.4.0/gems/parallel-1.27.0/lib/parallel.rb:600:in 'block in Parallel.worker'
/usr/local/bundle/ruby/3.4.0/gems/parallel-1.27.0/lib/parallel.rb:591:in 'Process.fork'
/usr/local/bundle/ruby/3.4.0/gems/parallel-1.27.0/lib/parallel.rb:591:in 'Parallel.worker'
/usr/local/bundle/ruby/3.4.0/gems/parallel-1.27.0/lib/parallel.rb:582:in 'block in Parallel.create_workers'
/usr/local/bundle/ruby/3.4.0/gems/parallel-1.27.0/lib/parallel.rb:581:in 'Array#each'
/usr/local/bundle/ruby/3.4.0/gems/parallel-1.27.0/lib/parallel.rb:581:in 'Enumerable#each_with_index'
/usr/local/bundle/ruby/3.4.0/gems/parallel-1.27.0/lib/parallel.rb:581:in 'Parallel.create_workers'
/usr/local/bundle/ruby/3.4.0/gems/parallel-1.27.0/lib/parallel.rb:520:in 'Parallel.work_in_processes'
/usr/local/bundle/ruby/3.4.0/gems/parallel-1.27.0/lib/parallel.rb:291:in 'Parallel.map'
/usr/local/bundle/ruby/3.4.0/gems/middleman-core-4.6.2/lib/middleman-core/builder.rb:138:in 'Middleman::Builder#output_resources'
/usr/local/bundle/ruby/3.4.0/gems/contracts-0.17.3/lib/contracts/method_reference.rb:45:in 'Contracts::MethodReference#send_to'
/usr/local/bundle/ruby/3.4.0/gems/contracts-0.17.3/lib/contracts/call_with.rb:107:in 'Contracts::CallWith#call_with_inner'
/usr/local/bundle/ruby/3.4.0/gems/contracts-0.17.3/lib/contracts/method_handler.rb:137:in 'block (2 levels) in Middleman::Builder#redefine_method'
/usr/local/bundle/ruby/3.4.0/gems/contracts-0.17.3/lib/contracts/method_handler.rb:136:in 'Array#each'
/usr/local/bundle/ruby/3.4.0/gems/contracts-0.17.3/lib/contracts/method_handler.rb:136:in 'block in Middleman::Builder#redefine_method'
/usr/local/bundle/ruby/3.4.0/gems/middleman-core-4.6.2/lib/middleman-core/builder.rb:132:in 'Middleman::Builder#output_files'
/usr/local/bundle/ruby/3.4.0/gems/contracts-0.17.3/lib/contracts/method_reference.rb:45:in 'Contracts::MethodReference#send_to'
/usr/local/bundle/ruby/3.4.0/gems/contracts-0.17.3/lib/contracts/call_with.rb:107:in 'Contracts::CallWith#call_with_inner'
/usr/local/bundle/ruby/3.4.0/gems/contracts-0.17.3/lib/contracts/method_handler.rb:137:in 'block (2 levels) in Middleman::Builder#redefine_method'
/usr/local/bundle/ruby/3.4.0/gems/contracts-0.17.3/lib/contracts/method_handler.rb:136:in 'Array#each'
/usr/local/bundle/ruby/3.4.0/gems/contracts-0.17.3/lib/contracts/method_handler.rb:136:in 'block in Middleman::Builder#redefine_method'
/usr/local/bundle/ruby/3.4.0/gems/middleman-core-4.6.2/lib/middleman-core/builder.rb:72:in 'block in Middleman::Builder#run!'
/usr/local/bundle/ruby/3.4.0/gems/activesupport-8.1.1/lib/active_support/notifications.rb:212:in 'ActiveSupport::Notifications.instrument'
/usr/local/bundle/ruby/3.4.0/gems/middleman-core-4.6.2/lib/middleman-core/util.rb:26:in 'Middleman::Util.instrument'
/usr/local/bundle/ruby/3.4.0/gems/middleman-core-4.6.2/lib/middleman-core/builder.rb:71:in 'Middleman::Builder#run!'
/usr/local/bundle/ruby/3.4.0/gems/contracts-0.17.3/lib/contracts/method_reference.rb:45:in 'Contracts::MethodReference#send_to'
/usr/local/bundle/ruby/3.4.0/gems/contracts-0.17.3/lib/contracts/call_with.rb:107:in 'Contracts::CallWith#call_with_inner'
/usr/local/bundle/ruby/3.4.0/gems/contracts-0.17.3/lib/contracts/method_handler.rb:137:in 'block (2 levels) in Middleman::Builder#redefine_method'
/usr/local/bundle/ruby/3.4.0/gems/contracts-0.17.3/lib/contracts/method_handler.rb:136:in 'Array#each'
/usr/local/bundle/ruby/3.4.0/gems/contracts-0.17.3/lib/contracts/method_handler.rb:136:in 'block in Middleman::Builder#redefine_method'
/usr/local/bundle/ruby/3.4.0/gems/middleman-cli-4.6.2/lib/middleman-cli/build.rb:84:in 'block in Middleman::Cli::Build#build'
/usr/local/bundle/ruby/3.4.0/gems/activesupport-8.1.1/lib/active_support/notifications.rb:212:in 'ActiveSupport::Notifications.instrument'
/usr/local/bundle/ruby/3.4.0/gems/middleman-core-4.6.2/lib/middleman-core/util.rb:26:in 'Middleman::Util.instrument'
/usr/local/bundle/ruby/3.4.0/gems/middleman-cli-4.6.2/lib/middleman-cli/build.rb:83:in 'Middleman::Cli::Build#build'
/usr/local/bundle/ruby/3.4.0/gems/thor-1.4.0/lib/thor/command.rb:28:in 'Thor::Command#run'
/usr/local/bundle/ruby/3.4.0/gems/thor-1.4.0/lib/thor/invocation.rb:127:in 'Thor::Invocation#invoke_command'
/usr/local/bundle/ruby/3.4.0/gems/thor-1.4.0/lib/thor/invocation.rb:134:in 'block in Thor::Invocation#invoke_all'
/usr/local/bundle/ruby/3.4.0/gems/thor-1.4.0/lib/thor/invocation.rb:134:in 'Hash#each'
/usr/local/bundle/ruby/3.4.0/gems/thor-1.4.0/lib/thor/invocation.rb:134:in 'Enumerable#map'
/usr/local/bundle/ruby/3.4.0/gems/thor-1.4.0/lib/thor/invocation.rb:134:in 'Thor::Invocation#invoke_all'
/usr/local/bundle/ruby/3.4.0/gems/thor-1.4.0/lib/thor/group.rb:243:in 'Thor::Group.dispatch'
/usr/local/bundle/ruby/3.4.0/gems/thor-1.4.0/lib/thor/invocation.rb:116:in 'Thor::Invocation#invoke'
/usr/local/bundle/ruby/3.4.0/gems/thor-1.4.0/lib/thor.rb:40:in 'block in Middleman::Cli::Base#register'
/usr/local/bundle/ruby/3.4.0/gems/thor-1.4.0/lib/thor/command.rb:28:in 'Thor::Command#run'
/usr/local/bundle/ruby/3.4.0/gems/thor-1.4.0/lib/thor/invocation.rb:127:in 'Thor::Invocation#invoke_command'
/usr/local/bundle/ruby/3.4.0/gems/thor-1.4.0/lib/thor.rb:538:in 'Thor.dispatch'
/usr/local/bundle/ruby/3.4.0/gems/thor-1.4.0/lib/thor/base.rb:584:in 'Thor::Base::ClassMethods#start'
/usr/local/bundle/ruby/3.4.0/gems/middleman-cli-4.6.2/bin/middleman:70:in '<top (required)>'
/usr/local/bundle/ruby/3.4.0/bin/middleman:25:in 'Kernel#load'
/usr/local/bundle/ruby/3.4.0/bin/middleman:25:in '<top (required)>'
/usr/local/lib/ruby/3.4.0/bundler/cli/exec.rb:59:in 'Kernel.load'
/usr/local/lib/ruby/3.4.0/bundler/cli/exec.rb:59:in 'Bundler::CLI::Exec#kernel_load'
/usr/local/lib/ruby/3.4.0/bundler/cli/exec.rb:23:in 'Bundler::CLI::Exec#run'
/usr/local/lib/ruby/3.4.0/bundler/cli.rb:452:in 'Bundler::CLI#exec'
/usr/local/lib/ruby/3.4.0/bundler/vendor/thor/lib/thor/command.rb:28:in 'Bundler::Thor::Command#run'
/usr/local/lib/ruby/3.4.0/bundler/vendor/thor/lib/thor/invocation.rb:127:in 'Bundler::Thor::Invocation#invoke_command'
/usr/local/lib/ruby/3.4.0/bundler/vendor/thor/lib/thor.rb:538:in 'Bundler::Thor.dispatch'
/usr/local/lib/ruby/3.4.0/bundler/cli.rb:35:in 'Bundler::CLI.dispatch'
/usr/local/lib/ruby/3.4.0/bundler/vendor/thor/lib/thor/base.rb:584:in 'Bundler::Thor::Base::ClassMethods#start'
/usr/local/lib/ruby/3.4.0/bundler/cli.rb:29:in 'Bundler::CLI.start'
/usr/local/lib/ruby/gems/3.4.0/gems/bundler-2.6.9/exe/bundle:28:in 'block in <top (required)>'
/usr/local/lib/ruby/3.4.0/bundler/friendly_errors.rb:117:in 'Bundler.with_friendly_errors'
/usr/local/lib/ruby/gems/3.4.0/gems/bundler-2.6.9/exe/bundle:20:in '<top (required)>'
/usr/local/bundle/bin/bundle:108:in 'Kernel#load'
/usr/local/bundle/bin/bundle:108:in '<main>'
   identical  build/apple-touch-icon.png
       error  build/.nojekyll
   identical  build/favicon.png
uninitialized constant #<Class:#<Middleman::ConfigContext:0x0000ffff843820a0>>::Uglifier
/app/config.rb:74:in 'block (2 levels) in Middleman::Application#evaluate_configuration!'
/usr/local/bundle/ruby/3.4.0/gems/middleman-core-4.6.2/lib/middleman-core/extensions/minify_javascript.rb:46:in 'Middleman::Extensions::MinifyJavascript::Rack#initialize'
/usr/local/bundle/ruby/3.4.0/gems/contracts-0.17.3/lib/contracts/method_reference.rb:45:in 'Contracts::MethodReference#send_to'
/usr/local/bundle/ruby/3.4.0/gems/contracts-0.17.3/lib/contracts/call_with.rb:107:in 'Contracts::CallWith#call_with_inner'
/usr/local/bundle/ruby/3.4.0/gems/contracts-0.17.3/lib/contracts/method_handler.rb:137:in 'block (2 levels) in Middleman::Extensions::MinifyJavascript::Rack#redefine_method'
/usr/local/bundle/ruby/3.4.0/gems/contracts-0.17.3/lib/contracts/method_handler.rb:136:in 'Array#each'
/usr/local/bundle/ruby/3.4.0/gems/contracts-0.17.3/lib/contracts/method_handler.rb:136:in 'block in Middleman::Extensions::MinifyJavascript::Rack#redefine_method'
/usr/local/bundle/ruby/3.4.0/gems/rack-3.1.19/lib/rack/builder.rb:164:in 'Class#new'
/usr/local/bundle/ruby/3.4.0/gems/rack-3.1.19/lib/rack/builder.rb:164:in 'block in Rack::Builder#use'
/usr/local/bundle/ruby/3.4.0/gems/rack-3.1.19/lib/rack/builder.rb:268:in 'block in Rack::Builder#to_app'
/usr/local/bundle/ruby/3.4.0/gems/rack-3.1.19/lib/rack/builder.rb:268:in 'Array#each'
/usr/local/bundle/ruby/3.4.0/gems/rack-3.1.19/lib/rack/builder.rb:268:in 'Enumerable#inject'
/usr/local/bundle/ruby/3.4.0/gems/rack-3.1.19/lib/rack/builder.rb:268:in 'Rack::Builder#to_app'
/usr/local/bundle/ruby/3.4.0/gems/rack-3.1.19/lib/rack/builder.rb:277:in 'Rack::Builder#call'
/usr/local/bundle/ruby/3.4.0/gems/rack-3.1.19/lib/rack/mock_request.rb:76:in 'Rack::MockRequest#request'
/usr/local/bundle/ruby/3.4.0/gems/rack-3.1.19/lib/rack/mock_request.rb:49:in 'Rack::MockRequest#get'
/usr/local/bundle/ruby/3.4.0/gems/middleman-core-4.6.2/lib/middleman-core/builder.rb:233:in 'block in Middleman::Builder#output_resource'
/usr/local/bundle/ruby/3.4.0/gems/activesupport-8.1.1/lib/active_support/notifications.rb:212:in 'ActiveSupport::Notifications.instrument'
/usr/local/bundle/ruby/3.4.0/gems/middleman-core-4.6.2/lib/middleman-core/util.rb:26:in 'Middleman::Util.instrument'
/usr/local/bundle/ruby/3.4.0/gems/middleman-core-4.6.2/lib/middleman-core/builder.rb:226:in 'Middleman::Builder#output_resource'
/usr/local/bundle/ruby/3.4.0/gems/contracts-0.17.3/lib/contracts/method_reference.rb:45:in 'Contracts::MethodReference#send_to'
/usr/local/bundle/ruby/3.4.0/gems/contracts-0.17.3/lib/contracts/call_with.rb:107:in 'Contracts::CallWith#call_with_inner'
/usr/local/bundle/ruby/3.4.0/gems/contracts-0.17.3/lib/contracts/method_handler.rb:137:in 'block (2 levels) in Middleman::Builder#redefine_method'
/usr/local/bundle/ruby/3.4.0/gems/contracts-0.17.3/lib/contracts/method_handler.rb:136:in 'Array#each'
/usr/local/bundle/ruby/3.4.0/gems/contracts-0.17.3/lib/contracts/method_handler.rb:136:in 'block in Middleman::Builder#redefine_method'
/usr/local/bundle/ruby/3.4.0/gems/parallel-1.27.0/lib/parallel.rb:650:in 'Parallel.call_with_index'
/usr/local/bundle/ruby/3.4.0/gems/parallel-1.27.0/lib/parallel.rb:620:in 'Parallel.process_incoming_jobs'
/usr/local/bundle/ruby/3.4.0/gems/parallel-1.27.0/lib/parallel.rb:600:in 'block in Parallel.worker'
/usr/local/bundle/ruby/3.4.0/gems/parallel-1.27.0/lib/parallel.rb:591:in 'Process.fork'
/usr/local/bundle/ruby/3.4.0/gems/parallel-1.27.0/lib/parallel.rb:591:in 'Parallel.worker'
/usr/local/bundle/ruby/3.4.0/gems/parallel-1.27.0/lib/parallel.rb:582:in 'block in Parallel.create_workers'
/usr/local/bundle/ruby/3.4.0/gems/parallel-1.27.0/lib/parallel.rb:581:in 'Array#each'
/usr/local/bundle/ruby/3.4.0/gems/parallel-1.27.0/lib/parallel.rb:581:in 'Enumerable#each_with_index'
/usr/local/bundle/ruby/3.4.0/gems/parallel-1.27.0/lib/parallel.rb:581:in 'Parallel.create_workers'
/usr/local/bundle/ruby/3.4.0/gems/parallel-1.27.0/lib/parallel.rb:520:in 'Parallel.work_in_processes'
/usr/local/bundle/ruby/3.4.0/gems/parallel-1.27.0/lib/parallel.rb:291:in 'Parallel.map'
/usr/local/bundle/ruby/3.4.0/gems/middleman-core-4.6.2/lib/middleman-core/builder.rb:138:in 'Middleman::Builder#output_resources'
/usr/local/bundle/ruby/3.4.0/gems/contracts-0.17.3/lib/contracts/method_reference.rb:45:in 'Contracts::MethodReference#send_to'
/usr/local/bundle/ruby/3.4.0/gems/contracts-0.17.3/lib/contracts/call_with.rb:107:in 'Contracts::CallWith#call_with_inner'
/usr/local/bundle/ruby/3.4.0/gems/contracts-0.17.3/lib/contracts/method_handler.rb:137:in 'block (2 levels) in Middleman::Builder#redefine_method'
/usr/local/bundle/ruby/3.4.0/gems/contracts-0.17.3/lib/contracts/method_handler.rb:136:in 'Array#each'
/usr/local/bundle/ruby/3.4.0/gems/contracts-0.17.3/lib/contracts/method_handler.rb:136:in 'block in Middleman::Builder#redefine_method'
/usr/local/bundle/ruby/3.4.0/gems/middleman-core-4.6.2/lib/middleman-core/builder.rb:132:in 'Middleman::Builder#output_files'
/usr/local/bundle/ruby/3.4.0/gems/contracts-0.17.3/lib/contracts/method_reference.rb:45:in 'Contracts::MethodReference#send_to'
/usr/local/bundle/ruby/3.4.0/gems/contracts-0.17.3/lib/contracts/call_with.rb:107:in 'Contracts::CallWith#call_with_inner'
/usr/local/bundle/ruby/3.4.0/gems/contracts-0.17.3/lib/contracts/method_handler.rb:137:in 'block (2 levels) in Middleman::Builder#redefine_method'
/usr/local/bundle/ruby/3.4.0/gems/contracts-0.17.3/lib/contracts/method_handler.rb:136:in 'Array#each'
/usr/local/bundle/ruby/3.4.0/gems/contracts-0.17.3/lib/contracts/method_handler.rb:136:in 'block in Middleman::Builder#redefine_method'
/usr/local/bundle/ruby/3.4.0/gems/middleman-core-4.6.2/lib/middleman-core/builder.rb:72:in 'block in Middleman::Builder#run!'
/usr/local/bundle/ruby/3.4.0/gems/activesupport-8.1.1/lib/active_support/notifications.rb:212:in 'ActiveSupport::Notifications.instrument'
/usr/local/bundle/ruby/3.4.0/gems/middleman-core-4.6.2/lib/middleman-core/util.rb:26:in 'Middleman::Util.instrument'
/usr/local/bundle/ruby/3.4.0/gems/middleman-core-4.6.2/lib/middleman-core/builder.rb:71:in 'Middleman::Builder#run!'
/usr/local/bundle/ruby/3.4.0/gems/contracts-0.17.3/lib/contracts/method_reference.rb:45:in 'Contracts::MethodReference#send_to'
/usr/local/bundle/ruby/3.4.0/gems/contracts-0.17.3/lib/contracts/call_with.rb:107:in 'Contracts::CallWith#call_with_inner'
/usr/local/bundle/ruby/3.4.0/gems/contracts-0.17.3/lib/contracts/method_handler.rb:137:in 'block (2 levels) in Middleman::Builder#redefine_method'
/usr/local/bundle/ruby/3.4.0/gems/contracts-0.17.3/lib/contracts/method_handler.rb:136:in 'Array#each'
/usr/local/bundle/ruby/3.4.0/gems/contracts-0.17.3/lib/contracts/method_handler.rb:136:in 'block in Middleman::Builder#redefine_method'
/usr/local/bundle/ruby/3.4.0/gems/middleman-cli-4.6.2/lib/middleman-cli/build.rb:84:in 'block in Middleman::Cli::Build#build'
/usr/local/bundle/ruby/3.4.0/gems/activesupport-8.1.1/lib/active_support/notifications.rb:212:in 'ActiveSupport::Notifications.instrument'
/usr/local/bundle/ruby/3.4.0/gems/middleman-core-4.6.2/lib/middleman-core/util.rb:26:in 'Middleman::Util.instrument'
/usr/local/bundle/ruby/3.4.0/gems/middleman-cli-4.6.2/lib/middleman-cli/build.rb:83:in 'Middleman::Cli::Build#build'
/usr/local/bundle/ruby/3.4.0/gems/thor-1.4.0/lib/thor/command.rb:28:in 'Thor::Command#run'
/usr/local/bundle/ruby/3.4.0/gems/thor-1.4.0/lib/thor/invocation.rb:127:in 'Thor::Invocation#invoke_command'
/usr/local/bundle/ruby/3.4.0/gems/thor-1.4.0/lib/thor/invocation.rb:134:in 'block in Thor::Invocation#invoke_all'
/usr/local/bundle/ruby/3.4.0/gems/thor-1.4.0/lib/thor/invocation.rb:134:in 'Hash#each'
/usr/local/bundle/ruby/3.4.0/gems/thor-1.4.0/lib/thor/invocation.rb:134:in 'Enumerable#map'
/usr/local/bundle/ruby/3.4.0/gems/thor-1.4.0/lib/thor/invocation.rb:134:in 'Thor::Invocation#invoke_all'
/usr/local/bundle/ruby/3.4.0/gems/thor-1.4.0/lib/thor/group.rb:243:in 'Thor::Group.dispatch'
/usr/local/bundle/ruby/3.4.0/gems/thor-1.4.0/lib/thor/invocation.rb:116:in 'Thor::Invocation#invoke'
/usr/local/bundle/ruby/3.4.0/gems/thor-1.4.0/lib/thor.rb:40:in 'block in Middleman::Cli::Base#register'
/usr/local/bundle/ruby/3.4.0/gems/thor-1.4.0/lib/thor/command.rb:28:in 'Thor::Command#run'
/usr/local/bundle/ruby/3.4.0/gems/thor-1.4.0/lib/thor/invocation.rb:127:in 'Thor::Invocation#invoke_command'
/usr/local/bundle/ruby/3.4.0/gems/thor-1.4.0/lib/thor.rb:538:in 'Thor.dispatch'
/usr/local/bundle/ruby/3.4.0/gems/thor-1.4.0/lib/thor/base.rb:584:in 'Thor::Base::ClassMethods#start'
/usr/local/bundle/ruby/3.4.0/gems/middleman-cli-4.6.2/bin/middleman:70:in '<top (required)>'
/usr/local/bundle/ruby/3.4.0/bin/middleman:25:in 'Kernel#load'
/usr/local/bundle/ruby/3.4.0/bin/middleman:25:in '<top (required)>'
/usr/local/lib/ruby/3.4.0/bundler/cli/exec.rb:59:in 'Kernel.load'
/usr/local/lib/ruby/3.4.0/bundler/cli/exec.rb:59:in 'Bundler::CLI::Exec#kernel_load'
/usr/local/lib/ruby/3.4.0/bundler/cli/exec.rb:23:in 'Bundler::CLI::Exec#run'
/usr/local/lib/ruby/3.4.0/bundler/cli.rb:452:in 'Bundler::CLI#exec'
/usr/local/lib/ruby/3.4.0/bundler/vendor/thor/lib/thor/command.rb:28:in 'Bundler::Thor::Command#run'
/usr/local/lib/ruby/3.4.0/bundler/vendor/thor/lib/thor/invocation.rb:127:in 'Bundler::Thor::Invocation#invoke_command'
/usr/local/lib/ruby/3.4.0/bundler/vendor/thor/lib/thor.rb:538:in 'Bundler::Thor.dispatch'
/usr/local/lib/ruby/3.4.0/bundler/cli.rb:35:in 'Bundler::CLI.dispatch'
/usr/local/lib/ruby/3.4.0/bundler/vendor/thor/lib/thor/base.rb:584:in 'Bundler::Thor::Base::ClassMethods#start'
/usr/local/lib/ruby/3.4.0/bundler/cli.rb:29:in 'Bundler::CLI.start'
/usr/local/lib/ruby/gems/3.4.0/gems/bundler-2.6.9/exe/bundle:28:in 'block in <top (required)>'
/usr/local/lib/ruby/3.4.0/bundler/friendly_errors.rb:117:in 'Bundler.with_friendly_errors'
/usr/local/lib/ruby/gems/3.4.0/gems/bundler-2.6.9/exe/bundle:20:in '<top (required)>'
/usr/local/bundle/bin/bundle:108:in 'Kernel#load'
/usr/local/bundle/bin/bundle:108:in '<main>'
   identical  build/_headers
       error  build/.well-known/keybase.txt
       error  build/101/index.html
   identical  build/files/ccpwp.jpg
uninitialized constant #<Class:#<Middleman::ConfigContext:0x0000ffff843820a0>>::Uglifier
/app/config.rb:74:in 'block (2 levels) in Middleman::Application#evaluate_configuration!'
/usr/local/bundle/ruby/3.4.0/gems/middleman-core-4.6.2/lib/middleman-core/extensions/minify_javascript.rb:46:in 'Middleman::Extensions::MinifyJavascript::Rack#initialize'
/usr/local/bundle/ruby/3.4.0/gems/contracts-0.17.3/lib/contracts/method_reference.rb:45:in 'Contracts::MethodReference#send_to'
/usr/local/bundle/ruby/3.4.0/gems/contracts-0.17.3/lib/contracts/call_with.rb:107:in 'Contracts::CallWith#call_with_inner'
/usr/local/bundle/ruby/3.4.0/gems/contracts-0.17.3/lib/contracts/method_handler.rb:137:in 'block (2 levels) in Middleman::Extensions::MinifyJavascript::Rack#redefine_method'
/usr/local/bundle/ruby/3.4.0/gems/contracts-0.17.3/lib/contracts/method_handler.rb:136:in 'Array#each'
/usr/local/bundle/ruby/3.4.0/gems/contracts-0.17.3/lib/contracts/method_handler.rb:136:in 'block in Middleman::Extensions::MinifyJavascript::Rack#redefine_method'
/usr/local/bundle/ruby/3.4.0/gems/rack-3.1.19/lib/rack/builder.rb:164:in 'Class#new'
/usr/local/bundle/ruby/3.4.0/gems/rack-3.1.19/lib/rack/builder.rb:164:in 'block in Rack::Builder#use'
/usr/local/bundle/ruby/3.4.0/gems/rack-3.1.19/lib/rack/builder.rb:268:in 'block in Rack::Builder#to_app'
/usr/local/bundle/ruby/3.4.0/gems/rack-3.1.19/lib/rack/builder.rb:268:in 'Array#each'
/usr/local/bundle/ruby/3.4.0/gems/rack-3.1.19/lib/rack/builder.rb:268:in 'Enumerable#inject'
/usr/local/bundle/ruby/3.4.0/gems/rack-3.1.19/lib/rack/builder.rb:268:in 'Rack::Builder#to_app'
/usr/local/bundle/ruby/3.4.0/gems/rack-3.1.19/lib/rack/builder.rb:277:in 'Rack::Builder#call'
/usr/local/bundle/ruby/3.4.0/gems/rack-3.1.19/lib/rack/mock_request.rb:76:in 'Rack::MockRequest#request'
/usr/local/bundle/ruby/3.4.0/gems/rack-3.1.19/lib/rack/mock_request.rb:49:in 'Rack::MockRequest#get'
/usr/local/bundle/ruby/3.4.0/gems/middleman-core-4.6.2/lib/middleman-core/builder.rb:233:in 'block in Middleman::Builder#output_resource'
/usr/local/bundle/ruby/3.4.0/gems/activesupport-8.1.1/lib/active_support/notifications.rb:212:in 'ActiveSupport::Notifications.instrument'
/usr/local/bundle/ruby/3.4.0/gems/middleman-core-4.6.2/lib/middleman-core/util.rb:26:in 'Middleman::Util.instrument'
/usr/local/bundle/ruby/3.4.0/gems/middleman-core-4.6.2/lib/middleman-core/builder.rb:226:in 'Middleman::Builder#output_resource'
/usr/local/bundle/ruby/3.4.0/gems/contracts-0.17.3/lib/contracts/method_reference.rb:45:in 'Contracts::MethodReference#send_to'
/usr/local/bundle/ruby/3.4.0/gems/contracts-0.17.3/lib/contracts/call_with.rb:107:in 'Contracts::CallWith#call_with_inner'
/usr/local/bundle/ruby/3.4.0/gems/contracts-0.17.3/lib/contracts/method_handler.rb:137:in 'block (2 levels) in Middleman::Builder#redefine_method'
/usr/local/bundle/ruby/3.4.0/gems/contracts-0.17.3/lib/contracts/method_handler.rb:136:in 'Array#each'
/usr/local/bundle/ruby/3.4.0/gems/contracts-0.17.3/lib/contracts/method_handler.rb:136:in 'block in Middleman::Builder#redefine_method'
/usr/local/bundle/ruby/3.4.0/gems/parallel-1.27.0/lib/parallel.rb:650:in 'Parallel.call_with_index'
/usr/local/bundle/ruby/3.4.0/gems/parallel-1.27.0/lib/parallel.rb:620:in 'Parallel.process_incoming_jobs'
/usr/local/bundle/ruby/3.4.0/gems/parallel-1.27.0/lib/parallel.rb:600:in 'block in Parallel.worker'
/usr/local/bundle/ruby/3.4.0/gems/parallel-1.27.0/lib/parallel.rb:591:in 'Process.fork'
/usr/local/bundle/ruby/3.4.0/gems/parallel-1.27.0/lib/parallel.rb:591:in 'Parallel.worker'
/usr/local/bundle/ruby/3.4.0/gems/parallel-1.27.0/lib/parallel.rb:582:in 'block in Parallel.create_workers'
/usr/local/bundle/ruby/3.4.0/gems/parallel-1.27.0/lib/parallel.rb:581:in 'Array#each'
/usr/local/bundle/ruby/3.4.0/gems/parallel-1.27.0/lib/parallel.rb:581:in 'Enumerable#each_with_index'
/usr/local/bundle/ruby/3.4.0/gems/parallel-1.27.0/lib/parallel.rb:581:in 'Parallel.create_workers'
/usr/local/bundle/ruby/3.4.0/gems/parallel-1.27.0/lib/parallel.rb:520:in 'Parallel.work_in_processes'
/usr/local/bundle/ruby/3.4.0/gems/parallel-1.27.0/lib/parallel.rb:291:in 'Parallel.map'
/usr/local/bundle/ruby/3.4.0/gems/middleman-core-4.6.2/lib/middleman-core/builder.rb:138:in 'Middleman::Builder#output_resources'
/usr/local/bundle/ruby/3.4.0/gems/contracts-0.17.3/lib/contracts/method_reference.rb:45:in 'Contracts::MethodReference#send_to'
/usr/local/bundle/ruby/3.4.0/gems/contracts-0.17.3/lib/contracts/call_with.rb:107:in 'Contracts::CallWith#call_with_inner'
/usr/local/bundle/ruby/3.4.0/gems/contracts-0.17.3/lib/contracts/method_handler.rb:137:in 'block (2 levels) in Middleman::Builder#redefine_method'
/usr/local/bundle/ruby/3.4.0/gems/contracts-0.17.3/lib/contracts/method_handler.rb:136:in 'Array#each'
/usr/local/bundle/ruby/3.4.0/gems/contracts-0.17.3/lib/contracts/method_handler.rb:136:in 'block in Middleman::Builder#redefine_method'
/usr/local/bundle/ruby/3.4.0/gems/middleman-core-4.6.2/lib/middleman-core/builder.rb:132:in 'Middleman::Builder#output_files'
/usr/local/bundle/ruby/3.4.0/gems/contracts-0.17.3/lib/contracts/method_reference.rb:45:in 'Contracts::MethodReference#send_to'
/usr/local/bundle/ruby/3.4.0/gems/contracts-0.17.3/lib/contracts/call_with.rb:107:in 'Contracts::CallWith#call_with_inner'
/usr/local/bundle/ruby/3.4.0/gems/contracts-0.17.3/lib/contracts/method_handler.rb:137:in 'block (2 levels) in Middleman::Builder#redefine_method'
/usr/local/bundle/ruby/3.4.0/gems/contracts-0.17.3/lib/contracts/method_handler.rb:136:in 'Array#each'
/usr/local/bundle/ruby/3.4.0/gems/contracts-0.17.3/lib/contracts/method_handler.rb:136:in 'block in Middleman::Builder#redefine_method'
/usr/local/bundle/ruby/3.4.0/gems/middleman-core-4.6.2/lib/middleman-core/builder.rb:72:in 'block in Middleman::Builder#run!'
/usr/local/bundle/ruby/3.4.0/gems/activesupport-8.1.1/lib/active_support/notifications.rb:212:in 'ActiveSupport::Notifications.instrument'
/usr/local/bundle/ruby/3.4.0/gems/middleman-core-4.6.2/lib/middleman-core/util.rb:26:in 'Middleman::Util.instrument'
/usr/local/bundle/ruby/3.4.0/gems/middleman-core-4.6.2/lib/middleman-core/builder.rb:71:in 'Middleman::Builder#run!'
/usr/local/bundle/ruby/3.4.0/gems/contracts-0.17.3/lib/contracts/method_reference.rb:45:in 'Contracts::MethodReference#send_to'
/usr/local/bundle/ruby/3.4.0/gems/contracts-0.17.3/lib/contracts/call_with.rb:107:in 'Contracts::CallWith#call_with_inner'
/usr/local/bundle/ruby/3.4.0/gems/contracts-0.17.3/lib/contracts/method_handler.rb:137:in 'block (2 levels) in Middleman::Builder#redefine_method'
/usr/local/bundle/ruby/3.4.0/gems/contracts-0.17.3/lib/contracts/method_handler.rb:136:in 'Array#each'
/usr/local/bundle/ruby/3.4.0/gems/contracts-0.17.3/lib/contracts/method_handler.rb:136:in 'block in Middleman::Builder#redefine_method'
/usr/local/bundle/ruby/3.4.0/gems/middleman-cli-4.6.2/lib/middleman-cli/build.rb:84:in 'block in Middleman::Cli::Build#build'
/usr/local/bundle/ruby/3.4.0/gems/activesupport-8.1.1/lib/active_support/notifications.rb:212:in 'ActiveSupport::Notifications.instrument'
/usr/local/bundle/ruby/3.4.0/gems/middleman-core-4.6.2/lib/middleman-core/util.rb:26:in 'Middleman::Util.instrument'
/usr/local/bundle/ruby/3.4.0/gems/middleman-cli-4.6.2/lib/middleman-cli/build.rb:83:in 'Middleman::Cli::Build#build'
/usr/local/bundle/ruby/3.4.0/gems/thor-1.4.0/lib/thor/command.rb:28:in 'Thor::Command#run'
/usr/local/bundle/ruby/3.4.0/gems/thor-1.4.0/lib/thor/invocation.rb:127:in 'Thor::Invocation#invoke_command'
/usr/local/bundle/ruby/3.4.0/gems/thor-1.4.0/lib/thor/invocation.rb:134:in 'block in Thor::Invocation#invoke_all'
/usr/local/bundle/ruby/3.4.0/gems/thor-1.4.0/lib/thor/invocation.rb:134:in 'Hash#each'
/usr/local/bundle/ruby/3.4.0/gems/thor-1.4.0/lib/thor/invocation.rb:134:in 'Enumerable#map'
/usr/local/bundle/ruby/3.4.0/gems/thor-1.4.0/lib/thor/invocation.rb:134:in 'Thor::Invocation#invoke_all'
/usr/local/bundle/ruby/3.4.0/gems/thor-1.4.0/lib/thor/group.rb:243:in 'Thor::Group.dispatch'
/usr/local/bundle/ruby/3.4.0/gems/thor-1.4.0/lib/thor/invocation.rb:116:in 'Thor::Invocation#invoke'
/usr/local/bundle/ruby/3.4.0/gems/thor-1.4.0/lib/thor.rb:40:in 'block in Middleman::Cli::Base#register'
/usr/local/bundle/ruby/3.4.0/gems/thor-1.4.0/lib/thor/command.rb:28:in 'Thor::Command#run'
/usr/local/bundle/ruby/3.4.0/gems/thor-1.4.0/lib/thor/invocation.rb:127:in 'Thor::Invocation#invoke_command'
/usr/local/bundle/ruby/3.4.0/gems/thor-1.4.0/lib/thor.rb:538:in 'Thor.dispatch'
/usr/local/bundle/ruby/3.4.0/gems/thor-1.4.0/lib/thor/base.rb:584:in 'Thor::Base::ClassMethods#start'
/usr/local/bundle/ruby/3.4.0/gems/middleman-cli-4.6.2/bin/middleman:70:in '<top (required)>'
/usr/local/bundle/ruby/3.4.0/bin/middleman:25:in 'Kernel#load'
/usr/local/bundle/ruby/3.4.0/bin/middleman:25:in '<top (required)>'
/usr/local/lib/ruby/3.4.0/bundler/cli/exec.rb:59:in 'Kernel.load'
/usr/local/lib/ruby/3.4.0/bundler/cli/exec.rb:59:in 'Bundler::CLI::Exec#kernel_load'
/usr/local/lib/ruby/3.4.0/bundler/cli/exec.rb:23:in 'Bundler::CLI::Exec#run'
/usr/local/lib/ruby/3.4.0/bundler/cli.rb:452:in 'Bundler::CLI#exec'
/usr/local/lib/ruby/3.4.0/bundler/vendor/thor/lib/thor/command.rb:28:in 'Bundler::Thor::Command#run'
/usr/local/lib/ruby/3.4.0/bundler/vendor/thor/lib/thor/invocation.rb:127:in 'Bundler::Thor::Invocation#invoke_command'
/usr/local/lib/ruby/3.4.0/bundler/vendor/thor/lib/thor.rb:538:in 'Bundler::Thor.dispatch'
/usr/local/lib/ruby/3.4.0/bundler/cli.rb:35:in 'Bundler::CLI.dispatch'
/usr/local/lib/ruby/3.4.0/bundler/vendor/thor/lib/thor/base.rb:584:in 'Bundler::Thor::Base::ClassMethods#start'
/usr/local/lib/ruby/3.4.0/bundler/cli.rb:29:in 'Bundler::CLI.start'
/usr/local/lib/ruby/gems/3.4.0/gems/bundler-2.6.9/exe/bundle:28:in 'block in <top (required)>'
/usr/local/lib/ruby/3.4.0/bundler/friendly_errors.rb:117:in 'Bundler.with_friendly_errors'
/usr/local/lib/ruby/gems/3.4.0/gems/bundler-2.6.9/exe/bundle:20:in '<top (required)>'
/usr/local/bundle/bin/bundle:108:in 'Kernel#load'
/usr/local/bundle/bin/bundle:108:in '<main>'
uninitialized constant #<Class:#<Middleman::ConfigContext:0x0000ffff843820a0>>::Uglifier
/app/config.rb:74:in 'block (2 levels) in Middleman::Application#evaluate_configuration!'
/usr/local/bundle/ruby/3.4.0/gems/middleman-core-4.6.2/lib/middleman-core/extensions/minify_javascript.rb:46:in 'Middleman::Extensions::MinifyJavascript::Rack#initialize'
/usr/local/bundle/ruby/3.4.0/gems/contracts-0.17.3/lib/contracts/method_reference.rb:45:in 'Contracts::MethodReference#send_to'
/usr/local/bundle/ruby/3.4.0/gems/contracts-0.17.3/lib/contracts/call_with.rb:107:in 'Contracts::CallWith#call_with_inner'
/usr/local/bundle/ruby/3.4.0/gems/contracts-0.17.3/lib/contracts/method_handler.rb:137:in 'block (2 levels) in Middleman::Extensions::MinifyJavascript::Rack#redefine_method'
/usr/local/bundle/ruby/3.4.0/gems/contracts-0.17.3/lib/contracts/method_handler.rb:136:in 'Array#each'
/usr/local/bundle/ruby/3.4.0/gems/contracts-0.17.3/lib/contracts/method_handler.rb:136:in 'block in Middleman::Extensions::MinifyJavascript::Rack#redefine_method'
/usr/local/bundle/ruby/3.4.0/gems/rack-3.1.19/lib/rack/builder.rb:164:in 'Class#new'
/usr/local/bundle/ruby/3.4.0/gems/rack-3.1.19/lib/rack/builder.rb:164:in 'block in Rack::Builder#use'
/usr/local/bundle/ruby/3.4.0/gems/rack-3.1.19/lib/rack/builder.rb:268:in 'block in Rack::Builder#to_app'
/usr/local/bundle/ruby/3.4.0/gems/rack-3.1.19/lib/rack/builder.rb:268:in 'Array#each'
/usr/local/bundle/ruby/3.4.0/gems/rack-3.1.19/lib/rack/builder.rb:268:in 'Enumerable#inject'
/usr/local/bundle/ruby/3.4.0/gems/rack-3.1.19/lib/rack/builder.rb:268:in 'Rack::Builder#to_app'
/usr/local/bundle/ruby/3.4.0/gems/rack-3.1.19/lib/rack/builder.rb:277:in 'Rack::Builder#call'
/usr/local/bundle/ruby/3.4.0/gems/rack-3.1.19/lib/rack/mock_request.rb:76:in 'Rack::MockRequest#request'
/usr/local/bundle/ruby/3.4.0/gems/rack-3.1.19/lib/rack/mock_request.rb:49:in 'Rack::MockRequest#get'
/usr/local/bundle/ruby/3.4.0/gems/middleman-core-4.6.2/lib/middleman-core/builder.rb:233:in 'block in Middleman::Builder#output_resource'
/usr/local/bundle/ruby/3.4.0/gems/activesupport-8.1.1/lib/active_support/notifications.rb:212:in 'ActiveSupport::Notifications.instrument'
/usr/local/bundle/ruby/3.4.0/gems/middleman-core-4.6.2/lib/middleman-core/util.rb:26:in 'Middleman::Util.instrument'
/usr/local/bundle/ruby/3.4.0/gems/middleman-core-4.6.2/lib/middleman-core/builder.rb:226:in 'Middleman::Builder#output_resource'
/usr/local/bundle/ruby/3.4.0/gems/contracts-0.17.3/lib/contracts/method_reference.rb:45:in 'Contracts::MethodReference#send_to'
/usr/local/bundle/ruby/3.4.0/gems/contracts-0.17.3/lib/contracts/call_with.rb:107:in 'Contracts::CallWith#call_with_inner'
/usr/local/bundle/ruby/3.4.0/gems/contracts-0.17.3/lib/contracts/method_handler.rb:137:in 'block (2 levels) in Middleman::Builder#redefine_method'
/usr/local/bundle/ruby/3.4.0/gems/contracts-0.17.3/lib/contracts/method_handler.rb:136:in 'Array#each'
/usr/local/bundle/ruby/3.4.0/gems/contracts-0.17.3/lib/contracts/method_handler.rb:136:in 'block in Middleman::Builder#redefine_method'
/usr/local/bundle/ruby/3.4.0/gems/parallel-1.27.0/lib/parallel.rb:650:in 'Parallel.call_with_index'
/usr/local/bundle/ruby/3.4.0/gems/parallel-1.27.0/lib/parallel.rb:620:in 'Parallel.process_incoming_jobs'
/usr/local/bundle/ruby/3.4.0/gems/parallel-1.27.0/lib/parallel.rb:600:in 'block in Parallel.worker'
/usr/local/bundle/ruby/3.4.0/gems/parallel-1.27.0/lib/parallel.rb:591:in 'Process.fork'
/usr/local/bundle/ruby/3.4.0/gems/parallel-1.27.0/lib/parallel.rb:591:in 'Parallel.worker'
/usr/local/bundle/ruby/3.4.0/gems/parallel-1.27.0/lib/parallel.rb:582:in 'block in Parallel.create_workers'
/usr/local/bundle/ruby/3.4.0/gems/parallel-1.27.0/lib/parallel.rb:581:in 'Array#each'
/usr/local/bundle/ruby/3.4.0/gems/parallel-1.27.0/lib/parallel.rb:581:in 'Enumerable#each_with_index'
/usr/local/bundle/ruby/3.4.0/gems/parallel-1.27.0/lib/parallel.rb:581:in 'Parallel.create_workers'
/usr/local/bundle/ruby/3.4.0/gems/parallel-1.27.0/lib/parallel.rb:520:in 'Parallel.work_in_processes'
/usr/local/bundle/ruby/3.4.0/gems/parallel-1.27.0/lib/parallel.rb:291:in 'Parallel.map'
/usr/local/bundle/ruby/3.4.0/gems/middleman-core-4.6.2/lib/middleman-core/builder.rb:138:in 'Middleman::Builder#output_resources'
/usr/local/bundle/ruby/3.4.0/gems/contracts-0.17.3/lib/contracts/method_reference.rb:45:in 'Contracts::MethodReference#send_to'
/usr/local/bundle/ruby/3.4.0/gems/contracts-0.17.3/lib/contracts/call_with.rb:107:in 'Contracts::CallWith#call_with_inner'
/usr/local/bundle/ruby/3.4.0/gems/contracts-0.17.3/lib/contracts/method_handler.rb:137:in 'block (2 levels) in Middleman::Builder#redefine_method'
/usr/local/bundle/ruby/3.4.0/gems/contracts-0.17.3/lib/contracts/method_handler.rb:136:in 'Array#each'
/usr/local/bundle/ruby/3.4.0/gems/contracts-0.17.3/lib/contracts/method_handler.rb:136:in 'block in Middleman::Builder#redefine_method'
/usr/local/bundle/ruby/3.4.0/gems/middleman-core-4.6.2/lib/middleman-core/builder.rb:132:in 'Middleman::Builder#output_files'
/usr/local/bundle/ruby/3.4.0/gems/contracts-0.17.3/lib/contracts/method_reference.rb:45:in 'Contracts::MethodReference#send_to'
/usr/local/bundle/ruby/3.4.0/gems/contracts-0.17.3/lib/contracts/call_with.rb:107:in 'Contracts::CallWith#call_with_inner'
/usr/local/bundle/ruby/3.4.0/gems/contracts-0.17.3/lib/contracts/method_handler.rb:137:in 'block (2 levels) in Middleman::Builder#redefine_method'
/usr/local/bundle/ruby/3.4.0/gems/contracts-0.17.3/lib/contracts/method_handler.rb:136:in 'Array#each'
/usr/local/bundle/ruby/3.4.0/gems/contracts-0.17.3/lib/contracts/method_handler.rb:136:in 'block in Middleman::Builder#redefine_method'
/usr/local/bundle/ruby/3.4.0/gems/middleman-core-4.6.2/lib/middleman-core/builder.rb:72:in 'block in Middleman::Builder#run!'
/usr/local/bundle/ruby/3.4.0/gems/activesupport-8.1.1/lib/active_support/notifications.rb:212:in 'ActiveSupport::Notifications.instrument'
/usr/local/bundle/ruby/3.4.0/gems/middleman-core-4.6.2/lib/middleman-core/util.rb:26:in 'Middleman::Util.instrument'
/usr/local/bundle/ruby/3.4.0/gems/middleman-core-4.6.2/lib/middleman-core/builder.rb:71:in 'Middleman::Builder#run!'
/usr/local/bundle/ruby/3.4.0/gems/contracts-0.17.3/lib/contracts/method_reference.rb:45:in 'Contracts::MethodReference#send_to'
/usr/local/bundle/ruby/3.4.0/gems/contracts-0.17.3/lib/contracts/call_with.rb:107:in 'Contracts::CallWith#call_with_inner'
/usr/local/bundle/ruby/3.4.0/gems/contracts-0.17.3/lib/contracts/method_handler.rb:137:in 'block (2 levels) in Middleman::Builder#redefine_method'
/usr/local/bundle/ruby/3.4.0/gems/contracts-0.17.3/lib/contracts/method_handler.rb:136:in 'Array#each'
/usr/local/bundle/ruby/3.4.0/gems/contracts-0.17.3/lib/contracts/method_handler.rb:136:in 'block in Middleman::Builder#redefine_method'
/usr/local/bundle/ruby/3.4.0/gems/middleman-cli-4.6.2/lib/middleman-cli/build.rb:84:in 'block in Middleman::Cli::Build#build'
/usr/local/bundle/ruby/3.4.0/gems/activesupport-8.1.1/lib/active_support/notifications.rb:212:in 'ActiveSupport::Notifications.instrument'
/usr/local/bundle/ruby/3.4.0/gems/middleman-core-4.6.2/lib/middleman-core/util.rb:26:in 'Middleman::Util.instrument'
/usr/local/bundle/ruby/3.4.0/gems/middleman-cli-4.6.2/lib/middleman-cli/build.rb:83:in 'Middleman::Cli::Build#build'
/usr/local/bundle/ruby/3.4.0/gems/thor-1.4.0/lib/thor/command.rb:28:in 'Thor::Command#run'
/usr/local/bundle/ruby/3.4.0/gems/thor-1.4.0/lib/thor/invocation.rb:127:in 'Thor::Invocation#invoke_command'
/usr/local/bundle/ruby/3.4.0/gems/thor-1.4.0/lib/thor/invocation.rb:134:in 'block in Thor::Invocation#invoke_all'
/usr/local/bundle/ruby/3.4.0/gems/thor-1.4.0/lib/thor/invocation.rb:134:in 'Hash#each'
/usr/local/bundle/ruby/3.4.0/gems/thor-1.4.0/lib/thor/invocation.rb:134:in 'Enumerable#map'
/usr/local/bundle/ruby/3.4.0/gems/thor-1.4.0/lib/thor/invocation.rb:134:in 'Thor::Invocation#invoke_all'
/usr/local/bundle/ruby/3.4.0/gems/thor-1.4.0/lib/thor/group.rb:243:in 'Thor::Group.dispatch'
/usr/local/bundle/ruby/3.4.0/gems/thor-1.4.0/lib/thor/invocation.rb:116:in 'Thor::Invocation#invoke'
/usr/local/bundle/ruby/3.4.0/gems/thor-1.4.0/lib/thor.rb:40:in 'block in Middleman::Cli::Base#register'
/usr/local/bundle/ruby/3.4.0/gems/thor-1.4.0/lib/thor/command.rb:28:in 'Thor::Command#run'
/usr/local/bundle/ruby/3.4.0/gems/thor-1.4.0/lib/thor/invocation.rb:127:in 'Thor::Invocation#invoke_command'
/usr/local/bundle/ruby/3.4.0/gems/thor-1.4.0/lib/thor.rb:538:in 'Thor.dispatch'
/usr/local/bundle/ruby/3.4.0/gems/thor-1.4.0/lib/thor/base.rb:584:in 'Thor::Base::ClassMethods#start'
/usr/local/bundle/ruby/3.4.0/gems/middleman-cli-4.6.2/bin/middleman:70:in '<top (required)>'
/usr/local/bundle/ruby/3.4.0/bin/middleman:25:in 'Kernel#load'
/usr/local/bundle/ruby/3.4.0/bin/middleman:25:in '<top (required)>'
/usr/local/lib/ruby/3.4.0/bundler/cli/exec.rb:59:in 'Kernel.load'
/usr/local/lib/ruby/3.4.0/bundler/cli/exec.rb:59:in 'Bundler::CLI::Exec#kernel_load'
/usr/local/lib/ruby/3.4.0/bundler/cli/exec.rb:23:in 'Bundler::CLI::Exec#run'
/usr/local/lib/ruby/3.4.0/bundler/cli.rb:452:in 'Bundler::CLI#exec'
/usr/local/lib/ruby/3.4.0/bundler/vendor/thor/lib/thor/command.rb:28:in 'Bundler::Thor::Command#run'
/usr/local/lib/ruby/3.4.0/bundler/vendor/thor/lib/thor/invocation.rb:127:in 'Bundler::Thor::Invocation#invoke_command'
/usr/local/lib/ruby/3.4.0/bundler/vendor/thor/lib/thor.rb:538:in 'Bundler::Thor.dispatch'
/usr/local/lib/ruby/3.4.0/bundler/cli.rb:35:in 'Bundler::CLI.dispatch'
/usr/local/lib/ruby/3.4.0/bundler/vendor/thor/lib/thor/base.rb:584:in 'Bundler::Thor::Base::ClassMethods#start'
/usr/local/lib/ruby/3.4.0/bundler/cli.rb:29:in 'Bundler::CLI.start'
/usr/local/lib/ruby/gems/3.4.0/gems/bundler-2.6.9/exe/bundle:28:in 'block in <top (required)>'
/usr/local/lib/ruby/3.4.0/bundler/friendly_errors.rb:117:in 'Bundler.with_friendly_errors'
/usr/local/lib/ruby/gems/3.4.0/gems/bundler-2.6.9/exe/bundle:20:in '<top (required)>'
/usr/local/bundle/bin/bundle:108:in 'Kernel#load'
/usr/local/bundle/bin/bundle:108:in '<main>'
       error  build/.well-known/security.txt
uninitialized constant #<Class:#<Middleman::ConfigContext:0x0000ffff843820a0>>::Uglifier
/app/config.rb:74:in 'block (2 levels) in Middleman::Application#evaluate_configuration!'
/usr/local/bundle/ruby/3.4.0/gems/middleman-core-4.6.2/lib/middleman-core/extensions/minify_javascript.rb:46:in 'Middleman::Extensions::MinifyJavascript::Rack#initialize'
/usr/local/bundle/ruby/3.4.0/gems/contracts-0.17.3/lib/contracts/method_reference.rb:45:in 'Contracts::MethodReference#send_to'
/usr/local/bundle/ruby/3.4.0/gems/contracts-0.17.3/lib/contracts/call_with.rb:107:in 'Contracts::CallWith#call_with_inner'
/usr/local/bundle/ruby/3.4.0/gems/contracts-0.17.3/lib/contracts/method_handler.rb:137:in 'block (2 levels) in Middleman::Extensions::MinifyJavascript::Rack#redefine_method'
/usr/local/bundle/ruby/3.4.0/gems/contracts-0.17.3/lib/contracts/method_handler.rb:136:in 'Array#each'
/usr/local/bundle/ruby/3.4.0/gems/contracts-0.17.3/lib/contracts/method_handler.rb:136:in 'block in Middleman::Extensions::MinifyJavascript::Rack#redefine_method'
/usr/local/bundle/ruby/3.4.0/gems/rack-3.1.19/lib/rack/builder.rb:164:in 'Class#new'
/usr/local/bundle/ruby/3.4.0/gems/rack-3.1.19/lib/rack/builder.rb:164:in 'block in Rack::Builder#use'
/usr/local/bundle/ruby/3.4.0/gems/rack-3.1.19/lib/rack/builder.rb:268:in 'block in Rack::Builder#to_app'
/usr/local/bundle/ruby/3.4.0/gems/rack-3.1.19/lib/rack/builder.rb:268:in 'Array#each'
/usr/local/bundle/ruby/3.4.0/gems/rack-3.1.19/lib/rack/builder.rb:268:in 'Enumerable#inject'
/usr/local/bundle/ruby/3.4.0/gems/rack-3.1.19/lib/rack/builder.rb:268:in 'Rack::Builder#to_app'
/usr/local/bundle/ruby/3.4.0/gems/rack-3.1.19/lib/rack/builder.rb:277:in 'Rack::Builder#call'
/usr/local/bundle/ruby/3.4.0/gems/rack-3.1.19/lib/rack/mock_request.rb:76:in 'Rack::MockRequest#request'
/usr/local/bundle/ruby/3.4.0/gems/rack-3.1.19/lib/rack/mock_request.rb:49:in 'Rack::MockRequest#get'
/usr/local/bundle/ruby/3.4.0/gems/middleman-core-4.6.2/lib/middleman-core/builder.rb:233:in 'block in Middleman::Builder#output_resource'
/usr/local/bundle/ruby/3.4.0/gems/activesupport-8.1.1/lib/active_support/notifications.rb:212:in 'ActiveSupport::Notifications.instrument'
/usr/local/bundle/ruby/3.4.0/gems/middleman-core-4.6.2/lib/middleman-core/util.rb:26:in 'Middleman::Util.instrument'
/usr/local/bundle/ruby/3.4.0/gems/middleman-core-4.6.2/lib/middleman-core/builder.rb:226:in 'Middleman::Builder#output_resource'
/usr/local/bundle/ruby/3.4.0/gems/contracts-0.17.3/lib/contracts/method_reference.rb:45:in 'Contracts::MethodReference#send_to'
/usr/local/bundle/ruby/3.4.0/gems/contracts-0.17.3/lib/contracts/call_with.rb:107:in 'Contracts::CallWith#call_with_inner'
/usr/local/bundle/ruby/3.4.0/gems/contracts-0.17.3/lib/contracts/method_handler.rb:137:in 'block (2 levels) in Middleman::Builder#redefine_method'
/usr/local/bundle/ruby/3.4.0/gems/contracts-0.17.3/lib/contracts/method_handler.rb:136:in 'Array#each'
/usr/local/bundle/ruby/3.4.0/gems/contracts-0.17.3/lib/contracts/method_handler.rb:136:in 'block in Middleman::Builder#redefine_method'
/usr/local/bundle/ruby/3.4.0/gems/parallel-1.27.0/lib/parallel.rb:650:in 'Parallel.call_with_index'
/usr/local/bundle/ruby/3.4.0/gems/parallel-1.27.0/lib/parallel.rb:620:in 'Parallel.process_incoming_jobs'
/usr/local/bundle/ruby/3.4.0/gems/parallel-1.27.0/lib/parallel.rb:600:in 'block in Parallel.worker'
/usr/local/bundle/ruby/3.4.0/gems/parallel-1.27.0/lib/parallel.rb:591:in 'Process.fork'
/usr/local/bundle/ruby/3.4.0/gems/parallel-1.27.0/lib/parallel.rb:591:in 'Parallel.worker'
/usr/local/bundle/ruby/3.4.0/gems/parallel-1.27.0/lib/parallel.rb:582:in 'block in Parallel.create_workers'
/usr/local/bundle/ruby/3.4.0/gems/parallel-1.27.0/lib/parallel.rb:581:in 'Array#each'
/usr/local/bundle/ruby/3.4.0/gems/parallel-1.27.0/lib/parallel.rb:581:in 'Enumerable#each_with_index'
/usr/local/bundle/ruby/3.4.0/gems/parallel-1.27.0/lib/parallel.rb:581:in 'Parallel.create_workers'
/usr/local/bundle/ruby/3.4.0/gems/parallel-1.27.0/lib/parallel.rb:520:in 'Parallel.work_in_processes'
/usr/local/bundle/ruby/3.4.0/gems/parallel-1.27.0/lib/parallel.rb:291:in 'Parallel.map'
/usr/local/bundle/ruby/3.4.0/gems/middleman-core-4.6.2/lib/middleman-core/builder.rb:138:in 'Middleman::Builder#output_resources'
/usr/local/bundle/ruby/3.4.0/gems/contracts-0.17.3/lib/contracts/method_reference.rb:45:in 'Contracts::MethodReference#send_to'
/usr/local/bundle/ruby/3.4.0/gems/contracts-0.17.3/lib/contracts/call_with.rb:107:in 'Contracts::CallWith#call_with_inner'
/usr/local/bundle/ruby/3.4.0/gems/contracts-0.17.3/lib/contracts/method_handler.rb:137:in 'block (2 levels) in Middleman::Builder#redefine_method'
/usr/local/bundle/ruby/3.4.0/gems/contracts-0.17.3/lib/contracts/method_handler.rb:136:in 'Array#each'
/usr/local/bundle/ruby/3.4.0/gems/contracts-0.17.3/lib/contracts/method_handler.rb:136:in 'block in Middleman::Builder#redefine_method'
/usr/local/bundle/ruby/3.4.0/gems/middleman-core-4.6.2/lib/middleman-core/builder.rb:132:in 'Middleman::Builder#output_files'
/usr/local/bundle/ruby/3.4.0/gems/contracts-0.17.3/lib/contracts/method_reference.rb:45:in 'Contracts::MethodReference#send_to'
/usr/local/bundle/ruby/3.4.0/gems/contracts-0.17.3/lib/contracts/call_with.rb:107:in 'Contracts::CallWith#call_with_inner'
/usr/local/bundle/ruby/3.4.0/gems/contracts-0.17.3/lib/contracts/method_handler.rb:137:in 'block (2 levels) in Middleman::Builder#redefine_method'
/usr/local/bundle/ruby/3.4.0/gems/contracts-0.17.3/lib/contracts/method_handler.rb:136:in 'Array#each'
/usr/local/bundle/ruby/3.4.0/gems/contracts-0.17.3/lib/contracts/method_handler.rb:136:in 'block in Middleman::Builder#redefine_method'
/usr/local/bundle/ruby/3.4.0/gems/middleman-core-4.6.2/lib/middleman-core/builder.rb:72:in 'block in Middleman::Builder#run!'
/usr/local/bundle/ruby/3.4.0/gems/activesupport-8.1.1/lib/active_support/notifications.rb:212:in 'ActiveSupport::Notifications.instrument'
/usr/local/bundle/ruby/3.4.0/gems/middleman-core-4.6.2/lib/middleman-core/util.rb:26:in 'Middleman::Util.instrument'
/usr/local/bundle/ruby/3.4.0/gems/middleman-core-4.6.2/lib/middleman-core/builder.rb:71:in 'Middleman::Builder#run!'
/usr/local/bundle/ruby/3.4.0/gems/contracts-0.17.3/lib/contracts/method_reference.rb:45:in 'Contracts::MethodReference#send_to'
/usr/local/bundle/ruby/3.4.0/gems/contracts-0.17.3/lib/contracts/call_with.rb:107:in 'Contracts::CallWith#call_with_inner'
/usr/local/bundle/ruby/3.4.0/gems/contracts-0.17.3/lib/contracts/method_handler.rb:137:in 'block (2 levels) in Middleman::Builder#redefine_method'
/usr/local/bundle/ruby/3.4.0/gems/contracts-0.17.3/lib/contracts/method_handler.rb:136:in 'Array#each'
/usr/local/bundle/ruby/3.4.0/gems/contracts-0.17.3/lib/contracts/method_handler.rb:136:in 'block in Middleman::Builder#redefine_method'
/usr/local/bundle/ruby/3.4.0/gems/middleman-cli-4.6.2/lib/middleman-cli/build.rb:84:in 'block in Middleman::Cli::Build#build'
/usr/local/bundle/ruby/3.4.0/gems/activesupport-8.1.1/lib/active_support/notifications.rb:212:in 'ActiveSupport::Notifications.instrument'
/usr/local/bundle/ruby/3.4.0/gems/middleman-core-4.6.2/lib/middleman-core/util.rb:26:in 'Middleman::Util.instrument'
/usr/local/bundle/ruby/3.4.0/gems/middleman-cli-4.6.2/lib/middleman-cli/build.rb:83:in 'Middleman::Cli::Build#build'
/usr/local/bundle/ruby/3.4.0/gems/thor-1.4.0/lib/thor/command.rb:28:in 'Thor::Command#run'
/usr/local/bundle/ruby/3.4.0/gems/thor-1.4.0/lib/thor/invocation.rb:127:in 'Thor::Invocation#invoke_command'
/usr/local/bundle/ruby/3.4.0/gems/thor-1.4.0/lib/thor/invocation.rb:134:in 'block in Thor::Invocation#invoke_all'
/usr/local/bundle/ruby/3.4.0/gems/thor-1.4.0/lib/thor/invocation.rb:134:in 'Hash#each'
/usr/local/bundle/ruby/3.4.0/gems/thor-1.4.0/lib/thor/invocation.rb:134:in 'Enumerable#map'
/usr/local/bundle/ruby/3.4.0/gems/thor-1.4.0/lib/thor/invocation.rb:134:in 'Thor::Invocation#invoke_all'
/usr/local/bundle/ruby/3.4.0/gems/thor-1.4.0/lib/thor/group.rb:243:in 'Thor::Group.dispatch'
/usr/local/bundle/ruby/3.4.0/gems/thor-1.4.0/lib/thor/invocation.rb:116:in 'Thor::Invocation#invoke'
/usr/local/bundle/ruby/3.4.0/gems/thor-1.4.0/lib/thor.rb:40:in 'block in Middleman::Cli::Base#register'
/usr/local/bundle/ruby/3.4.0/gems/thor-1.4.0/lib/thor/command.rb:28:in 'Thor::Command#run'
/usr/local/bundle/ruby/3.4.0/gems/thor-1.4.0/lib/thor/invocation.rb:127:in 'Thor::Invocation#invoke_command'
/usr/local/bundle/ruby/3.4.0/gems/thor-1.4.0/lib/thor.rb:538:in 'Thor.dispatch'
/usr/local/bundle/ruby/3.4.0/gems/thor-1.4.0/lib/thor/base.rb:584:in 'Thor::Base::ClassMethods#start'
/usr/local/bundle/ruby/3.4.0/gems/middleman-cli-4.6.2/bin/middleman:70:in '<top (required)>'
/usr/local/bundle/ruby/3.4.0/bin/middleman:25:in 'Kernel#load'
/usr/local/bundle/ruby/3.4.0/bin/middleman:25:in '<top (required)>'
/usr/local/lib/ruby/3.4.0/bundler/cli/exec.rb:59:in 'Kernel.load'
/usr/local/lib/ruby/3.4.0/bundler/cli/exec.rb:59:in 'Bundler::CLI::Exec#kernel_load'
/usr/local/lib/ruby/3.4.0/bundler/cli/exec.rb:23:in 'Bundler::CLI::Exec#run'
/usr/local/lib/ruby/3.4.0/bundler/cli.rb:452:in 'Bundler::CLI#exec'
/usr/local/lib/ruby/3.4.0/bundler/vendor/thor/lib/thor/command.rb:28:in 'Bundler::Thor::Command#run'
/usr/local/lib/ruby/3.4.0/bundler/vendor/thor/lib/thor/invocation.rb:127:in 'Bundler::Thor::Invocation#invoke_command'
/usr/local/lib/ruby/3.4.0/bundler/vendor/thor/lib/thor.rb:538:in 'Bundler::Thor.dispatch'
/usr/local/lib/ruby/3.4.0/bundler/cli.rb:35:in 'Bundler::CLI.dispatch'
/usr/local/lib/ruby/3.4.0/bundler/vendor/thor/lib/thor/base.rb:584:in 'Bundler::Thor::Base::ClassMethods#start'
/usr/local/lib/ruby/3.4.0/bundler/cli.rb:29:in 'Bundler::CLI.start'
/usr/local/lib/ruby/gems/3.4.0/gems/bundler-2.6.9/exe/bundle:28:in 'block in <top (required)>'
/usr/local/lib/ruby/3.4.0/bundler/friendly_errors.rb:117:in 'Bundler.with_friendly_errors'
/usr/local/lib/ruby/gems/3.4.0/gems/bundler-2.6.9/exe/bundle:20:in '<top (required)>'
/usr/local/bundle/bin/bundle:108:in 'Kernel#load'
/usr/local/bundle/bin/bundle:108:in '<main>'
       error  build/words/blog_template
uninitialized constant #<Class:#<Middleman::ConfigContext:0x0000ffff843820a0>>::Uglifier
/app/config.rb:74:in 'block (2 levels) in Middleman::Application#evaluate_configuration!'
/usr/local/bundle/ruby/3.4.0/gems/middleman-core-4.6.2/lib/middleman-core/extensions/minify_javascript.rb:46:in 'Middleman::Extensions::MinifyJavascript::Rack#initialize'
/usr/local/bundle/ruby/3.4.0/gems/contracts-0.17.3/lib/contracts/method_reference.rb:45:in 'Contracts::MethodReference#send_to'
/usr/local/bundle/ruby/3.4.0/gems/contracts-0.17.3/lib/contracts/call_with.rb:107:in 'Contracts::CallWith#call_with_inner'
/usr/local/bundle/ruby/3.4.0/gems/contracts-0.17.3/lib/contracts/method_handler.rb:137:in 'block (2 levels) in Middleman::Extensions::MinifyJavascript::Rack#redefine_method'
/usr/local/bundle/ruby/3.4.0/gems/contracts-0.17.3/lib/contracts/method_handler.rb:136:in 'Array#each'
/usr/local/bundle/ruby/3.4.0/gems/contracts-0.17.3/lib/contracts/method_handler.rb:136:in 'block in Middleman::Extensions::MinifyJavascript::Rack#redefine_method'
/usr/local/bundle/ruby/3.4.0/gems/rack-3.1.19/lib/rack/builder.rb:164:in 'Class#new'
/usr/local/bundle/ruby/3.4.0/gems/rack-3.1.19/lib/rack/builder.rb:164:in 'block in Rack::Builder#use'
/usr/local/bundle/ruby/3.4.0/gems/rack-3.1.19/lib/rack/builder.rb:268:in 'block in Rack::Builder#to_app'
/usr/local/bundle/ruby/3.4.0/gems/rack-3.1.19/lib/rack/builder.rb:268:in 'Array#each'
/usr/local/bundle/ruby/3.4.0/gems/rack-3.1.19/lib/rack/builder.rb:268:in 'Enumerable#inject'
/usr/local/bundle/ruby/3.4.0/gems/rack-3.1.19/lib/rack/builder.rb:268:in 'Rack::Builder#to_app'
/usr/local/bundle/ruby/3.4.0/gems/rack-3.1.19/lib/rack/builder.rb:277:in 'Rack::Builder#call'
/usr/local/bundle/ruby/3.4.0/gems/rack-3.1.19/lib/rack/mock_request.rb:76:in 'Rack::MockRequest#request'
/usr/local/bundle/ruby/3.4.0/gems/rack-3.1.19/lib/rack/mock_request.rb:49:in 'Rack::MockRequest#get'
/usr/local/bundle/ruby/3.4.0/gems/middleman-core-4.6.2/lib/middleman-core/builder.rb:233:in 'block in Middleman::Builder#output_resource'
/usr/local/bundle/ruby/3.4.0/gems/activesupport-8.1.1/lib/active_support/notifications.rb:212:in 'ActiveSupport::Notifications.instrument'
/usr/local/bundle/ruby/3.4.0/gems/middleman-core-4.6.2/lib/middleman-core/util.rb:26:in 'Middleman::Util.instrument'
/usr/local/bundle/ruby/3.4.0/gems/middleman-core-4.6.2/lib/middleman-core/builder.rb:226:in 'Middleman::Builder#output_resource'
/usr/local/bundle/ruby/3.4.0/gems/contracts-0.17.3/lib/contracts/method_reference.rb:45:in 'Contracts::MethodReference#send_to'
/usr/local/bundle/ruby/3.4.0/gems/contracts-0.17.3/lib/contracts/call_with.rb:107:in 'Contracts::CallWith#call_with_inner'
/usr/local/bundle/ruby/3.4.0/gems/contracts-0.17.3/lib/contracts/method_handler.rb:137:in 'block (2 levels) in Middleman::Builder#redefine_method'
/usr/local/bundle/ruby/3.4.0/gems/contracts-0.17.3/lib/contracts/method_handler.rb:136:in 'Array#each'
/usr/local/bundle/ruby/3.4.0/gems/contracts-0.17.3/lib/contracts/method_handler.rb:136:in 'block in Middleman::Builder#redefine_method'
/usr/local/bundle/ruby/3.4.0/gems/parallel-1.27.0/lib/parallel.rb:650:in 'Parallel.call_with_index'
/usr/local/bundle/ruby/3.4.0/gems/parallel-1.27.0/lib/parallel.rb:620:in 'Parallel.process_incoming_jobs'
/usr/local/bundle/ruby/3.4.0/gems/parallel-1.27.0/lib/parallel.rb:600:in 'block in Parallel.worker'
/usr/local/bundle/ruby/3.4.0/gems/parallel-1.27.0/lib/parallel.rb:591:in 'Process.fork'
/usr/local/bundle/ruby/3.4.0/gems/parallel-1.27.0/lib/parallel.rb:591:in 'Parallel.worker'
/usr/local/bundle/ruby/3.4.0/gems/parallel-1.27.0/lib/parallel.rb:582:in 'block in Parallel.create_workers'
/usr/local/bundle/ruby/3.4.0/gems/parallel-1.27.0/lib/parallel.rb:581:in 'Array#each'
/usr/local/bundle/ruby/3.4.0/gems/parallel-1.27.0/lib/parallel.rb:581:in 'Enumerable#each_with_index'
/usr/local/bundle/ruby/3.4.0/gems/parallel-1.27.0/lib/parallel.rb:581:in 'Parallel.create_workers'
/usr/local/bundle/ruby/3.4.0/gems/parallel-1.27.0/lib/parallel.rb:520:in 'Parallel.work_in_processes'
/usr/local/bundle/ruby/3.4.0/gems/parallel-1.27.0/lib/parallel.rb:291:in 'Parallel.map'
/usr/local/bundle/ruby/3.4.0/gems/middleman-core-4.6.2/lib/middleman-core/builder.rb:138:in 'Middleman::Builder#output_resources'
/usr/local/bundle/ruby/3.4.0/gems/contracts-0.17.3/lib/contracts/method_reference.rb:45:in 'Contracts::MethodReference#send_to'
/usr/local/bundle/ruby/3.4.0/gems/contracts-0.17.3/lib/contracts/call_with.rb:107:in 'Contracts::CallWith#call_with_inner'
/usr/local/bundle/ruby/3.4.0/gems/contracts-0.17.3/lib/contracts/method_handler.rb:137:in 'block (2 levels) in Middleman::Builder#redefine_method'
/usr/local/bundle/ruby/3.4.0/gems/contracts-0.17.3/lib/contracts/method_handler.rb:136:in 'Array#each'
/usr/local/bundle/ruby/3.4.0/gems/contracts-0.17.3/lib/contracts/method_handler.rb:136:in 'block in Middleman::Builder#redefine_method'
/usr/local/bundle/ruby/3.4.0/gems/middleman-core-4.6.2/lib/middleman-core/builder.rb:132:in 'Middleman::Builder#output_files'
/usr/local/bundle/ruby/3.4.0/gems/contracts-0.17.3/lib/contracts/method_reference.rb:45:in 'Contracts::MethodReference#send_to'
/usr/local/bundle/ruby/3.4.0/gems/contracts-0.17.3/lib/contracts/call_with.rb:107:in 'Contracts::CallWith#call_with_inner'
/usr/local/bundle/ruby/3.4.0/gems/contracts-0.17.3/lib/contracts/method_handler.rb:137:in 'block (2 levels) in Middleman::Builder#redefine_method'
/usr/local/bundle/ruby/3.4.0/gems/contracts-0.17.3/lib/contracts/method_handler.rb:136:in 'Array#each'
/usr/local/bundle/ruby/3.4.0/gems/contracts-0.17.3/lib/contracts/method_handler.rb:136:in 'block in Middleman::Builder#redefine_method'
/usr/local/bundle/ruby/3.4.0/gems/middleman-core-4.6.2/lib/middleman-core/builder.rb:72:in 'block in Middleman::Builder#run!'
/usr/local/bundle/ruby/3.4.0/gems/activesupport-8.1.1/lib/active_support/notifications.rb:212:in 'ActiveSupport::Notifications.instrument'
/usr/local/bundle/ruby/3.4.0/gems/middleman-core-4.6.2/lib/middleman-core/util.rb:26:in 'Middleman::Util.instrument'
/usr/local/bundle/ruby/3.4.0/gems/middleman-core-4.6.2/lib/middleman-core/builder.rb:71:in 'Middleman::Builder#run!'
/usr/local/bundle/ruby/3.4.0/gems/contracts-0.17.3/lib/contracts/method_reference.rb:45:in 'Contracts::MethodReference#send_to'
/usr/local/bundle/ruby/3.4.0/gems/contracts-0.17.3/lib/contracts/call_with.rb:107:in 'Contracts::CallWith#call_with_inner'
/usr/local/bundle/ruby/3.4.0/gems/contracts-0.17.3/lib/contracts/method_handler.rb:137:in 'block (2 levels) in Middleman::Builder#redefine_method'
/usr/local/bundle/ruby/3.4.0/gems/contracts-0.17.3/lib/contracts/method_handler.rb:136:in 'Array#each'
/usr/local/bundle/ruby/3.4.0/gems/contracts-0.17.3/lib/contracts/method_handler.rb:136:in 'block in Middleman::Builder#redefine_method'
/usr/local/bundle/ruby/3.4.0/gems/middleman-cli-4.6.2/lib/middleman-cli/build.rb:84:in 'block in Middleman::Cli::Build#build'
/usr/local/bundle/ruby/3.4.0/gems/activesupport-8.1.1/lib/active_support/notifications.rb:212:in 'ActiveSupport::Notifications.instrument'
/usr/local/bundle/ruby/3.4.0/gems/middleman-core-4.6.2/lib/middleman-core/util.rb:26:in 'Middleman::Util.instrument'
/usr/local/bundle/ruby/3.4.0/gems/middleman-cli-4.6.2/lib/middleman-cli/build.rb:83:in 'Middleman::Cli::Build#build'
/usr/local/bundle/ruby/3.4.0/gems/thor-1.4.0/lib/thor/command.rb:28:in 'Thor::Command#run'
/usr/local/bundle/ruby/3.4.0/gems/thor-1.4.0/lib/thor/invocation.rb:127:in 'Thor::Invocation#invoke_command'
/usr/local/bundle/ruby/3.4.0/gems/thor-1.4.0/lib/thor/invocation.rb:134:in 'block in Thor::Invocation#invoke_all'
/usr/local/bundle/ruby/3.4.0/gems/thor-1.4.0/lib/thor/invocation.rb:134:in 'Hash#each'
/usr/local/bundle/ruby/3.4.0/gems/thor-1.4.0/lib/thor/invocation.rb:134:in 'Enumerable#map'
/usr/local/bundle/ruby/3.4.0/gems/thor-1.4.0/lib/thor/invocation.rb:134:in 'Thor::Invocation#invoke_all'
/usr/local/bundle/ruby/3.4.0/gems/thor-1.4.0/lib/thor/group.rb:243:in 'Thor::Group.dispatch'
/usr/local/bundle/ruby/3.4.0/gems/thor-1.4.0/lib/thor/invocation.rb:116:in 'Thor::Invocation#invoke'
/usr/local/bundle/ruby/3.4.0/gems/thor-1.4.0/lib/thor.rb:40:in 'block in Middleman::Cli::Base#register'
/usr/local/bundle/ruby/3.4.0/gems/thor-1.4.0/lib/thor/command.rb:28:in 'Thor::Command#run'
/usr/local/bundle/ruby/3.4.0/gems/thor-1.4.0/lib/thor/invocation.rb:127:in 'Thor::Invocation#invoke_command'
/usr/local/bundle/ruby/3.4.0/gems/thor-1.4.0/lib/thor.rb:538:in 'Thor.dispatch'
/usr/local/bundle/ruby/3.4.0/gems/thor-1.4.0/lib/thor/base.rb:584:in 'Thor::Base::ClassMethods#start'
/usr/local/bundle/ruby/3.4.0/gems/middleman-cli-4.6.2/bin/middleman:70:in '<top (required)>'
/usr/local/bundle/ruby/3.4.0/bin/middleman:25:in 'Kernel#load'
/usr/local/bundle/ruby/3.4.0/bin/middleman:25:in '<top (required)>'
/usr/local/lib/ruby/3.4.0/bundler/cli/exec.rb:59:in 'Kernel.load'
/usr/local/lib/ruby/3.4.0/bundler/cli/exec.rb:59:in 'Bundler::CLI::Exec#kernel_load'
/usr/local/lib/ruby/3.4.0/bundler/cli/exec.rb:23:in 'Bundler::CLI::Exec#run'
/usr/local/lib/ruby/3.4.0/bundler/cli.rb:452:in 'Bundler::CLI#exec'
/usr/local/lib/ruby/3.4.0/bundler/vendor/thor/lib/thor/command.rb:28:in 'Bundler::Thor::Command#run'
/usr/local/lib/ruby/3.4.0/bundler/vendor/thor/lib/thor/invocation.rb:127:in 'Bundler::Thor::Invocation#invoke_command'
/usr/local/lib/ruby/3.4.0/bundler/vendor/thor/lib/thor.rb:538:in 'Bundler::Thor.dispatch'
/usr/local/lib/ruby/3.4.0/bundler/cli.rb:35:in 'Bundler::CLI.dispatch'
/usr/local/lib/ruby/3.4.0/bundler/vendor/thor/lib/thor/base.rb:584:in 'Bundler::Thor::Base::ClassMethods#start'
/usr/local/lib/ruby/3.4.0/bundler/cli.rb:29:in 'Bundler::CLI.start'
/usr/local/lib/ruby/gems/3.4.0/gems/bundler-2.6.9/exe/bundle:28:in 'block in <top (required)>'
/usr/local/lib/ruby/3.4.0/bundler/friendly_errors.rb:117:in 'Bundler.with_friendly_errors'
/usr/local/lib/ruby/gems/3.4.0/gems/bundler-2.6.9/exe/bundle:20:in '<top (required)>'
/usr/local/bundle/bin/bundle:108:in 'Kernel#load'
/usr/local/bundle/bin/bundle:108:in '<main>'
       error  build/CNAME
uninitialized constant #<Class:#<Middleman::ConfigContext:0x0000ffff843820a0>>::Uglifier
/app/config.rb:74:in 'block (2 levels) in Middleman::Application#evaluate_configuration!'
/usr/local/bundle/ruby/3.4.0/gems/middleman-core-4.6.2/lib/middleman-core/extensions/minify_javascript.rb:46:in 'Middleman::Extensions::MinifyJavascript::Rack#initialize'
/usr/local/bundle/ruby/3.4.0/gems/contracts-0.17.3/lib/contracts/method_reference.rb:45:in 'Contracts::MethodReference#send_to'
/usr/local/bundle/ruby/3.4.0/gems/contracts-0.17.3/lib/contracts/call_with.rb:107:in 'Contracts::CallWith#call_with_inner'
/usr/local/bundle/ruby/3.4.0/gems/contracts-0.17.3/lib/contracts/method_handler.rb:137:in 'block (2 levels) in Middleman::Extensions::MinifyJavascript::Rack#redefine_method'
/usr/local/bundle/ruby/3.4.0/gems/contracts-0.17.3/lib/contracts/method_handler.rb:136:in 'Array#each'
/usr/local/bundle/ruby/3.4.0/gems/contracts-0.17.3/lib/contracts/method_handler.rb:136:in 'block in Middleman::Extensions::MinifyJavascript::Rack#redefine_method'
/usr/local/bundle/ruby/3.4.0/gems/rack-3.1.19/lib/rack/builder.rb:164:in 'Class#new'
/usr/local/bundle/ruby/3.4.0/gems/rack-3.1.19/lib/rack/builder.rb:164:in 'block in Rack::Builder#use'
/usr/local/bundle/ruby/3.4.0/gems/rack-3.1.19/lib/rack/builder.rb:268:in 'block in Rack::Builder#to_app'
/usr/local/bundle/ruby/3.4.0/gems/rack-3.1.19/lib/rack/builder.rb:268:in 'Array#each'
/usr/local/bundle/ruby/3.4.0/gems/rack-3.1.19/lib/rack/builder.rb:268:in 'Enumerable#inject'
/usr/local/bundle/ruby/3.4.0/gems/rack-3.1.19/lib/rack/builder.rb:268:in 'Rack::Builder#to_app'
/usr/local/bundle/ruby/3.4.0/gems/rack-3.1.19/lib/rack/builder.rb:277:in 'Rack::Builder#call'
/usr/local/bundle/ruby/3.4.0/gems/rack-3.1.19/lib/rack/mock_request.rb:76:in 'Rack::MockRequest#request'
/usr/local/bundle/ruby/3.4.0/gems/rack-3.1.19/lib/rack/mock_request.rb:49:in 'Rack::MockRequest#get'
/usr/local/bundle/ruby/3.4.0/gems/middleman-core-4.6.2/lib/middleman-core/builder.rb:233:in 'block in Middleman::Builder#output_resource'
/usr/local/bundle/ruby/3.4.0/gems/activesupport-8.1.1/lib/active_support/notifications.rb:212:in 'ActiveSupport::Notifications.instrument'
/usr/local/bundle/ruby/3.4.0/gems/middleman-core-4.6.2/lib/middleman-core/util.rb:26:in 'Middleman::Util.instrument'
/usr/local/bundle/ruby/3.4.0/gems/middleman-core-4.6.2/lib/middleman-core/builder.rb:226:in 'Middleman::Builder#output_resource'
/usr/local/bundle/ruby/3.4.0/gems/contracts-0.17.3/lib/contracts/method_reference.rb:45:in 'Contracts::MethodReference#send_to'
/usr/local/bundle/ruby/3.4.0/gems/contracts-0.17.3/lib/contracts/call_with.rb:107:in 'Contracts::CallWith#call_with_inner'
/usr/local/bundle/ruby/3.4.0/gems/contracts-0.17.3/lib/contracts/method_handler.rb:137:in 'block (2 levels) in Middleman::Builder#redefine_method'
/usr/local/bundle/ruby/3.4.0/gems/contracts-0.17.3/lib/contracts/method_handler.rb:136:in 'Array#each'
/usr/local/bundle/ruby/3.4.0/gems/contracts-0.17.3/lib/contracts/method_handler.rb:136:in 'block in Middleman::Builder#redefine_method'
/usr/local/bundle/ruby/3.4.0/gems/parallel-1.27.0/lib/parallel.rb:650:in 'Parallel.call_with_index'
/usr/local/bundle/ruby/3.4.0/gems/parallel-1.27.0/lib/parallel.rb:620:in 'Parallel.process_incoming_jobs'
/usr/local/bundle/ruby/3.4.0/gems/parallel-1.27.0/lib/parallel.rb:600:in 'block in Parallel.worker'
/usr/local/bundle/ruby/3.4.0/gems/parallel-1.27.0/lib/parallel.rb:591:in 'Process.fork'
/usr/local/bundle/ruby/3.4.0/gems/parallel-1.27.0/lib/parallel.rb:591:in 'Parallel.worker'
/usr/local/bundle/ruby/3.4.0/gems/parallel-1.27.0/lib/parallel.rb:582:in 'block in Parallel.create_workers'
/usr/local/bundle/ruby/3.4.0/gems/parallel-1.27.0/lib/parallel.rb:581:in 'Array#each'
/usr/local/bundle/ruby/3.4.0/gems/parallel-1.27.0/lib/parallel.rb:581:in 'Enumerable#each_with_index'
/usr/local/bundle/ruby/3.4.0/gems/parallel-1.27.0/lib/parallel.rb:581:in 'Parallel.create_workers'
/usr/local/bundle/ruby/3.4.0/gems/parallel-1.27.0/lib/parallel.rb:520:in 'Parallel.work_in_processes'
/usr/local/bundle/ruby/3.4.0/gems/parallel-1.27.0/lib/parallel.rb:291:in 'Parallel.map'
/usr/local/bundle/ruby/3.4.0/gems/middleman-core-4.6.2/lib/middleman-core/builder.rb:138:in 'Middleman::Builder#output_resources'
/usr/local/bundle/ruby/3.4.0/gems/contracts-0.17.3/lib/contracts/method_reference.rb:45:in 'Contracts::MethodReference#send_to'
/usr/local/bundle/ruby/3.4.0/gems/contracts-0.17.3/lib/contracts/call_with.rb:107:in 'Contracts::CallWith#call_with_inner'
/usr/local/bundle/ruby/3.4.0/gems/contracts-0.17.3/lib/contracts/method_handler.rb:137:in 'block (2 levels) in Middleman::Builder#redefine_method'
/usr/local/bundle/ruby/3.4.0/gems/contracts-0.17.3/lib/contracts/method_handler.rb:136:in 'Array#each'
/usr/local/bundle/ruby/3.4.0/gems/contracts-0.17.3/lib/contracts/method_handler.rb:136:in 'block in Middleman::Builder#redefine_method'
/usr/local/bundle/ruby/3.4.0/gems/middleman-core-4.6.2/lib/middleman-core/builder.rb:132:in 'Middleman::Builder#output_files'
/usr/local/bundle/ruby/3.4.0/gems/contracts-0.17.3/lib/contracts/method_reference.rb:45:in 'Contracts::MethodReference#send_to'
/usr/local/bundle/ruby/3.4.0/gems/contracts-0.17.3/lib/contracts/call_with.rb:107:in 'Contracts::CallWith#call_with_inner'
/usr/local/bundle/ruby/3.4.0/gems/contracts-0.17.3/lib/contracts/method_handler.rb:137:in 'block (2 levels) in Middleman::Builder#redefine_method'
/usr/local/bundle/ruby/3.4.0/gems/contracts-0.17.3/lib/contracts/method_handler.rb:136:in 'Array#each'
/usr/local/bundle/ruby/3.4.0/gems/contracts-0.17.3/lib/contracts/method_handler.rb:136:in 'block in Middleman::Builder#redefine_method'
/usr/local/bundle/ruby/3.4.0/gems/middleman-core-4.6.2/lib/middleman-core/builder.rb:72:in 'block in Middleman::Builder#run!'
/usr/local/bundle/ruby/3.4.0/gems/activesupport-8.1.1/lib/active_support/notifications.rb:212:in 'ActiveSupport::Notifications.instrument'
/usr/local/bundle/ruby/3.4.0/gems/middleman-core-4.6.2/lib/middleman-core/util.rb:26:in 'Middleman::Util.instrument'
/usr/local/bundle/ruby/3.4.0/gems/middleman-core-4.6.2/lib/middleman-core/builder.rb:71:in 'Middleman::Builder#run!'
/usr/local/bundle/ruby/3.4.0/gems/contracts-0.17.3/lib/contracts/method_reference.rb:45:in 'Contracts::MethodReference#send_to'
/usr/local/bundle/ruby/3.4.0/gems/contracts-0.17.3/lib/contracts/call_with.rb:107:in 'Contracts::CallWith#call_with_inner'
/usr/local/bundle/ruby/3.4.0/gems/contracts-0.17.3/lib/contracts/method_handler.rb:137:in 'block (2 levels) in Middleman::Builder#redefine_method'
/usr/local/bundle/ruby/3.4.0/gems/contracts-0.17.3/lib/contracts/method_handler.rb:136:in 'Array#each'
/usr/local/bundle/ruby/3.4.0/gems/contracts-0.17.3/lib/contracts/method_handler.rb:136:in 'block in Middleman::Builder#redefine_method'
/usr/local/bundle/ruby/3.4.0/gems/middleman-cli-4.6.2/lib/middleman-cli/build.rb:84:in 'block in Middleman::Cli::Build#build'
/usr/local/bundle/ruby/3.4.0/gems/activesupport-8.1.1/lib/active_support/notifications.rb:212:in 'ActiveSupport::Notifications.instrument'
/usr/local/bundle/ruby/3.4.0/gems/middleman-core-4.6.2/lib/middleman-core/util.rb:26:in 'Middleman::Util.instrument'
/usr/local/bundle/ruby/3.4.0/gems/middleman-cli-4.6.2/lib/middleman-cli/build.rb:83:in 'Middleman::Cli::Build#build'
/usr/local/bundle/ruby/3.4.0/gems/thor-1.4.0/lib/thor/command.rb:28:in 'Thor::Command#run'
/usr/local/bundle/ruby/3.4.0/gems/thor-1.4.0/lib/thor/invocation.rb:127:in 'Thor::Invocation#invoke_command'
/usr/local/bundle/ruby/3.4.0/gems/thor-1.4.0/lib/thor/invocation.rb:134:in 'block in Thor::Invocation#invoke_all'
/usr/local/bundle/ruby/3.4.0/gems/thor-1.4.0/lib/thor/invocation.rb:134:in 'Hash#each'
/usr/local/bundle/ruby/3.4.0/gems/thor-1.4.0/lib/thor/invocation.rb:134:in 'Enumerable#map'
/usr/local/bundle/ruby/3.4.0/gems/thor-1.4.0/lib/thor/invocation.rb:134:in 'Thor::Invocation#invoke_all'
/usr/local/bundle/ruby/3.4.0/gems/thor-1.4.0/lib/thor/group.rb:243:in 'Thor::Group.dispatch'
/usr/local/bundle/ruby/3.4.0/gems/thor-1.4.0/lib/thor/invocation.rb:116:in 'Thor::Invocation#invoke'
/usr/local/bundle/ruby/3.4.0/gems/thor-1.4.0/lib/thor.rb:40:in 'block in Middleman::Cli::Base#register'
/usr/local/bundle/ruby/3.4.0/gems/thor-1.4.0/lib/thor/command.rb:28:in 'Thor::Command#run'
/usr/local/bundle/ruby/3.4.0/gems/thor-1.4.0/lib/thor/invocation.rb:127:in 'Thor::Invocation#invoke_command'
/usr/local/bundle/ruby/3.4.0/gems/thor-1.4.0/lib/thor.rb:538:in 'Thor.dispatch'
/usr/local/bundle/ruby/3.4.0/gems/thor-1.4.0/lib/thor/base.rb:584:in 'Thor::Base::ClassMethods#start'
/usr/local/bundle/ruby/3.4.0/gems/middleman-cli-4.6.2/bin/middleman:70:in '<top (required)>'
/usr/local/bundle/ruby/3.4.0/bin/middleman:25:in 'Kernel#load'
/usr/local/bundle/ruby/3.4.0/bin/middleman:25:in '<top (required)>'
/usr/local/lib/ruby/3.4.0/bundler/cli/exec.rb:59:in 'Kernel.load'
/usr/local/lib/ruby/3.4.0/bundler/cli/exec.rb:59:in 'Bundler::CLI::Exec#kernel_load'
/usr/local/lib/ruby/3.4.0/bundler/cli/exec.rb:23:in 'Bundler::CLI::Exec#run'
/usr/local/lib/ruby/3.4.0/bundler/cli.rb:452:in 'Bundler::CLI#exec'
/usr/local/lib/ruby/3.4.0/bundler/vendor/thor/lib/thor/command.rb:28:in 'Bundler::Thor::Command#run'
/usr/local/lib/ruby/3.4.0/bundler/vendor/thor/lib/thor/invocation.rb:127:in 'Bundler::Thor::Invocation#invoke_command'
/usr/local/lib/ruby/3.4.0/bundler/vendor/thor/lib/thor.rb:538:in 'Bundler::Thor.dispatch'
/usr/local/lib/ruby/3.4.0/bundler/cli.rb:35:in 'Bundler::CLI.dispatch'
/usr/local/lib/ruby/3.4.0/bundler/vendor/thor/lib/thor/base.rb:584:in 'Bundler::Thor::Base::ClassMethods#start'
/usr/local/lib/ruby/3.4.0/bundler/cli.rb:29:in 'Bundler::CLI.start'
/usr/local/lib/ruby/gems/3.4.0/gems/bundler-2.6.9/exe/bundle:28:in 'block in <top (required)>'
/usr/local/lib/ruby/3.4.0/bundler/friendly_errors.rb:117:in 'Bundler.with_friendly_errors'
/usr/local/lib/ruby/gems/3.4.0/gems/bundler-2.6.9/exe/bundle:20:in '<top (required)>'
/usr/local/bundle/bin/bundle:108:in 'Kernel#load'
/usr/local/bundle/bin/bundle:108:in '<main>'
   identical  build/words/articles/attachments/macos.png
       error  build/words/index.html
uninitialized constant #<Class:#<Middleman::ConfigContext:0x0000ffff843820a0>>::Uglifier
/app/config.rb:74:in 'block (2 levels) in Middleman::Application#evaluate_configuration!'
/usr/local/bundle/ruby/3.4.0/gems/middleman-core-4.6.2/lib/middleman-core/extensions/minify_javascript.rb:46:in 'Middleman::Extensions::MinifyJavascript::Rack#initialize'
/usr/local/bundle/ruby/3.4.0/gems/contracts-0.17.3/lib/contracts/method_reference.rb:45:in 'Contracts::MethodReference#send_to'
/usr/local/bundle/ruby/3.4.0/gems/contracts-0.17.3/lib/contracts/call_with.rb:107:in 'Contracts::CallWith#call_with_inner'
/usr/local/bundle/ruby/3.4.0/gems/contracts-0.17.3/lib/contracts/method_handler.rb:137:in 'block (2 levels) in Middleman::Extensions::MinifyJavascript::Rack#redefine_method'
/usr/local/bundle/ruby/3.4.0/gems/contracts-0.17.3/lib/contracts/method_handler.rb:136:in 'Array#each'
/usr/local/bundle/ruby/3.4.0/gems/contracts-0.17.3/lib/contracts/method_handler.rb:136:in 'block in Middleman::Extensions::MinifyJavascript::Rack#redefine_method'
/usr/local/bundle/ruby/3.4.0/gems/rack-3.1.19/lib/rack/builder.rb:164:in 'Class#new'
/usr/local/bundle/ruby/3.4.0/gems/rack-3.1.19/lib/rack/builder.rb:164:in 'block in Rack::Builder#use'
/usr/local/bundle/ruby/3.4.0/gems/rack-3.1.19/lib/rack/builder.rb:268:in 'block in Rack::Builder#to_app'
/usr/local/bundle/ruby/3.4.0/gems/rack-3.1.19/lib/rack/builder.rb:268:in 'Array#each'
/usr/local/bundle/ruby/3.4.0/gems/rack-3.1.19/lib/rack/builder.rb:268:in 'Enumerable#inject'
/usr/local/bundle/ruby/3.4.0/gems/rack-3.1.19/lib/rack/builder.rb:268:in 'Rack::Builder#to_app'
/usr/local/bundle/ruby/3.4.0/gems/rack-3.1.19/lib/rack/builder.rb:277:in 'Rack::Builder#call'
/usr/local/bundle/ruby/3.4.0/gems/rack-3.1.19/lib/rack/mock_request.rb:76:in 'Rack::MockRequest#request'
/usr/local/bundle/ruby/3.4.0/gems/rack-3.1.19/lib/rack/mock_request.rb:49:in 'Rack::MockRequest#get'
/usr/local/bundle/ruby/3.4.0/gems/middleman-core-4.6.2/lib/middleman-core/builder.rb:233:in 'block in Middleman::Builder#output_resource'
/usr/local/bundle/ruby/3.4.0/gems/activesupport-8.1.1/lib/active_support/notifications.rb:212:in 'ActiveSupport::Notifications.instrument'
/usr/local/bundle/ruby/3.4.0/gems/middleman-core-4.6.2/lib/middleman-core/util.rb:26:in 'Middleman::Util.instrument'
/usr/local/bundle/ruby/3.4.0/gems/middleman-core-4.6.2/lib/middleman-core/builder.rb:226:in 'Middleman::Builder#output_resource'
/usr/local/bundle/ruby/3.4.0/gems/contracts-0.17.3/lib/contracts/method_reference.rb:45:in 'Contracts::MethodReference#send_to'
/usr/local/bundle/ruby/3.4.0/gems/contracts-0.17.3/lib/contracts/call_with.rb:107:in 'Contracts::CallWith#call_with_inner'
/usr/local/bundle/ruby/3.4.0/gems/contracts-0.17.3/lib/contracts/method_handler.rb:137:in 'block (2 levels) in Middleman::Builder#redefine_method'
/usr/local/bundle/ruby/3.4.0/gems/contracts-0.17.3/lib/contracts/method_handler.rb:136:in 'Array#each'
/usr/local/bundle/ruby/3.4.0/gems/contracts-0.17.3/lib/contracts/method_handler.rb:136:in 'block in Middleman::Builder#redefine_method'
/usr/local/bundle/ruby/3.4.0/gems/parallel-1.27.0/lib/parallel.rb:650:in 'Parallel.call_with_index'
/usr/local/bundle/ruby/3.4.0/gems/parallel-1.27.0/lib/parallel.rb:620:in 'Parallel.process_incoming_jobs'
/usr/local/bundle/ruby/3.4.0/gems/parallel-1.27.0/lib/parallel.rb:600:in 'block in Parallel.worker'
/usr/local/bundle/ruby/3.4.0/gems/parallel-1.27.0/lib/parallel.rb:591:in 'Process.fork'
/usr/local/bundle/ruby/3.4.0/gems/parallel-1.27.0/lib/parallel.rb:591:in 'Parallel.worker'
/usr/local/bundle/ruby/3.4.0/gems/parallel-1.27.0/lib/parallel.rb:582:in 'block in Parallel.create_workers'
/usr/local/bundle/ruby/3.4.0/gems/parallel-1.27.0/lib/parallel.rb:581:in 'Array#each'
/usr/local/bundle/ruby/3.4.0/gems/parallel-1.27.0/lib/parallel.rb:581:in 'Enumerable#each_with_index'
/usr/local/bundle/ruby/3.4.0/gems/parallel-1.27.0/lib/parallel.rb:581:in 'Parallel.create_workers'
/usr/local/bundle/ruby/3.4.0/gems/parallel-1.27.0/lib/parallel.rb:520:in 'Parallel.work_in_processes'
/usr/local/bundle/ruby/3.4.0/gems/parallel-1.27.0/lib/parallel.rb:291:in 'Parallel.map'
/usr/local/bundle/ruby/3.4.0/gems/middleman-core-4.6.2/lib/middleman-core/builder.rb:138:in 'Middleman::Builder#output_resources'
/usr/local/bundle/ruby/3.4.0/gems/contracts-0.17.3/lib/contracts/method_reference.rb:45:in 'Contracts::MethodReference#send_to'
/usr/local/bundle/ruby/3.4.0/gems/contracts-0.17.3/lib/contracts/call_with.rb:107:in 'Contracts::CallWith#call_with_inner'
/usr/local/bundle/ruby/3.4.0/gems/contracts-0.17.3/lib/contracts/method_handler.rb:137:in 'block (2 levels) in Middleman::Builder#redefine_method'
/usr/local/bundle/ruby/3.4.0/gems/contracts-0.17.3/lib/contracts/method_handler.rb:136:in 'Array#each'
/usr/local/bundle/ruby/3.4.0/gems/contracts-0.17.3/lib/contracts/method_handler.rb:136:in 'block in Middleman::Builder#redefine_method'
/usr/local/bundle/ruby/3.4.0/gems/middleman-core-4.6.2/lib/middleman-core/builder.rb:132:in 'Middleman::Builder#output_files'
/usr/local/bundle/ruby/3.4.0/gems/contracts-0.17.3/lib/contracts/method_reference.rb:45:in 'Contracts::MethodReference#send_to'
/usr/local/bundle/ruby/3.4.0/gems/contracts-0.17.3/lib/contracts/call_with.rb:107:in 'Contracts::CallWith#call_with_inner'
/usr/local/bundle/ruby/3.4.0/gems/contracts-0.17.3/lib/contracts/method_handler.rb:137:in 'block (2 levels) in Middleman::Builder#redefine_method'
/usr/local/bundle/ruby/3.4.0/gems/contracts-0.17.3/lib/contracts/method_handler.rb:136:in 'Array#each'
/usr/local/bundle/ruby/3.4.0/gems/contracts-0.17.3/lib/contracts/method_handler.rb:136:in 'block in Middleman::Builder#redefine_method'
/usr/local/bundle/ruby/3.4.0/gems/middleman-core-4.6.2/lib/middleman-core/builder.rb:72:in 'block in Middleman::Builder#run!'
/usr/local/bundle/ruby/3.4.0/gems/activesupport-8.1.1/lib/active_support/notifications.rb:212:in 'ActiveSupport::Notifications.instrument'
/usr/local/bundle/ruby/3.4.0/gems/middleman-core-4.6.2/lib/middleman-core/util.rb:26:in 'Middleman::Util.instrument'
/usr/local/bundle/ruby/3.4.0/gems/middleman-core-4.6.2/lib/middleman-core/builder.rb:71:in 'Middleman::Builder#run!'
/usr/local/bundle/ruby/3.4.0/gems/contracts-0.17.3/lib/contracts/method_reference.rb:45:in 'Contracts::MethodReference#send_to'
/usr/local/bundle/ruby/3.4.0/gems/contracts-0.17.3/lib/contracts/call_with.rb:107:in 'Contracts::CallWith#call_with_inner'
/usr/local/bundle/ruby/3.4.0/gems/contracts-0.17.3/lib/contracts/method_handler.rb:137:in 'block (2 levels) in Middleman::Builder#redefine_method'
/usr/local/bundle/ruby/3.4.0/gems/contracts-0.17.3/lib/contracts/method_handler.rb:136:in 'Array#each'
/usr/local/bundle/ruby/3.4.0/gems/contracts-0.17.3/lib/contracts/method_handler.rb:136:in 'block in Middleman::Builder#redefine_method'
/usr/local/bundle/ruby/3.4.0/gems/middleman-cli-4.6.2/lib/middleman-cli/build.rb:84:in 'block in Middleman::Cli::Build#build'
/usr/local/bundle/ruby/3.4.0/gems/activesupport-8.1.1/lib/active_support/notifications.rb:212:in 'ActiveSupport::Notifications.instrument'
/usr/local/bundle/ruby/3.4.0/gems/middleman-core-4.6.2/lib/middleman-core/util.rb:26:in 'Middleman::Util.instrument'
/usr/local/bundle/ruby/3.4.0/gems/middleman-cli-4.6.2/lib/middleman-cli/build.rb:83:in 'Middleman::Cli::Build#build'
/usr/local/bundle/ruby/3.4.0/gems/thor-1.4.0/lib/thor/command.rb:28:in 'Thor::Command#run'
/usr/local/bundle/ruby/3.4.0/gems/thor-1.4.0/lib/thor/invocation.rb:127:in 'Thor::Invocation#invoke_command'
/usr/local/bundle/ruby/3.4.0/gems/thor-1.4.0/lib/thor/invocation.rb:134:in 'block in Thor::Invocation#invoke_all'
/usr/local/bundle/ruby/3.4.0/gems/thor-1.4.0/lib/thor/invocation.rb:134:in 'Hash#each'
/usr/local/bundle/ruby/3.4.0/gems/thor-1.4.0/lib/thor/invocation.rb:134:in 'Enumerable#map'
/usr/local/bundle/ruby/3.4.0/gems/thor-1.4.0/lib/thor/invocation.rb:134:in 'Thor::Invocation#invoke_all'
/usr/local/bundle/ruby/3.4.0/gems/thor-1.4.0/lib/thor/group.rb:243:in 'Thor::Group.dispatch'
/usr/local/bundle/ruby/3.4.0/gems/thor-1.4.0/lib/thor/invocation.rb:116:in 'Thor::Invocation#invoke'
/usr/local/bundle/ruby/3.4.0/gems/thor-1.4.0/lib/thor.rb:40:in 'block in Middleman::Cli::Base#register'
/usr/local/bundle/ruby/3.4.0/gems/thor-1.4.0/lib/thor/command.rb:28:in 'Thor::Command#run'
/usr/local/bundle/ruby/3.4.0/gems/thor-1.4.0/lib/thor/invocation.rb:127:in 'Thor::Invocation#invoke_command'
/usr/local/bundle/ruby/3.4.0/gems/thor-1.4.0/lib/thor.rb:538:in 'Thor.dispatch'
/usr/local/bundle/ruby/3.4.0/gems/thor-1.4.0/lib/thor/base.rb:584:in 'Thor::Base::ClassMethods#start'
/usr/local/bundle/ruby/3.4.0/gems/middleman-cli-4.6.2/bin/middleman:70:in '<top (required)>'
/usr/local/bundle/ruby/3.4.0/bin/middleman:25:in 'Kernel#load'
/usr/local/bundle/ruby/3.4.0/bin/middleman:25:in '<top (required)>'
/usr/local/lib/ruby/3.4.0/bundler/cli/exec.rb:59:in 'Kernel.load'
/usr/local/lib/ruby/3.4.0/bundler/cli/exec.rb:59:in 'Bundler::CLI::Exec#kernel_load'
/usr/local/lib/ruby/3.4.0/bundler/cli/exec.rb:23:in 'Bundler::CLI::Exec#run'
/usr/local/lib/ruby/3.4.0/bundler/cli.rb:452:in 'Bundler::CLI#exec'
/usr/local/lib/ruby/3.4.0/bundler/vendor/thor/lib/thor/command.rb:28:in 'Bundler::Thor::Command#run'
/usr/local/lib/ruby/3.4.0/bundler/vendor/thor/lib/thor/invocation.rb:127:in 'Bundler::Thor::Invocation#invoke_command'
/usr/local/lib/ruby/3.4.0/bundler/vendor/thor/lib/thor.rb:538:in 'Bundler::Thor.dispatch'
/usr/local/lib/ruby/3.4.0/bundler/cli.rb:35:in 'Bundler::CLI.dispatch'
/usr/local/lib/ruby/3.4.0/bundler/vendor/thor/lib/thor/base.rb:584:in 'Bundler::Thor::Base::ClassMethods#start'
/usr/local/lib/ruby/3.4.0/bundler/cli.rb:29:in 'Bundler::CLI.start'
/usr/local/lib/ruby/gems/3.4.0/gems/bundler-2.6.9/exe/bundle:28:in 'block in <top (required)>'
/usr/local/lib/ruby/3.4.0/bundler/friendly_errors.rb:117:in 'Bundler.with_friendly_errors'
/usr/local/lib/ruby/gems/3.4.0/gems/bundler-2.6.9/exe/bundle:20:in '<top (required)>'
/usr/local/bundle/bin/bundle:108:in 'Kernel#load'
/usr/local/bundle/bin/bundle:108:in '<main>'
       error  build/index.html
uninitialized constant #<Class:#<Middleman::ConfigContext:0x0000ffff843820a0>>::Uglifier
/app/config.rb:74:in 'block (2 levels) in Middleman::Application#evaluate_configuration!'
/usr/local/bundle/ruby/3.4.0/gems/middleman-core-4.6.2/lib/middleman-core/extensions/minify_javascript.rb:46:in 'Middleman::Extensions::MinifyJavascript::Rack#initialize'
/usr/local/bundle/ruby/3.4.0/gems/contracts-0.17.3/lib/contracts/method_reference.rb:45:in 'Contracts::MethodReference#send_to'
/usr/local/bundle/ruby/3.4.0/gems/contracts-0.17.3/lib/contracts/call_with.rb:107:in 'Contracts::CallWith#call_with_inner'
/usr/local/bundle/ruby/3.4.0/gems/contracts-0.17.3/lib/contracts/method_handler.rb:137:in 'block (2 levels) in Middleman::Extensions::MinifyJavascript::Rack#redefine_method'
/usr/local/bundle/ruby/3.4.0/gems/contracts-0.17.3/lib/contracts/method_handler.rb:136:in 'Array#each'
/usr/local/bundle/ruby/3.4.0/gems/contracts-0.17.3/lib/contracts/method_handler.rb:136:in 'block in Middleman::Extensions::MinifyJavascript::Rack#redefine_method'
/usr/local/bundle/ruby/3.4.0/gems/rack-3.1.19/lib/rack/builder.rb:164:in 'Class#new'
/usr/local/bundle/ruby/3.4.0/gems/rack-3.1.19/lib/rack/builder.rb:164:in 'block in Rack::Builder#use'
/usr/local/bundle/ruby/3.4.0/gems/rack-3.1.19/lib/rack/builder.rb:268:in 'block in Rack::Builder#to_app'
/usr/local/bundle/ruby/3.4.0/gems/rack-3.1.19/lib/rack/builder.rb:268:in 'Array#each'
/usr/local/bundle/ruby/3.4.0/gems/rack-3.1.19/lib/rack/builder.rb:268:in 'Enumerable#inject'
/usr/local/bundle/ruby/3.4.0/gems/rack-3.1.19/lib/rack/builder.rb:268:in 'Rack::Builder#to_app'
/usr/local/bundle/ruby/3.4.0/gems/rack-3.1.19/lib/rack/builder.rb:277:in 'Rack::Builder#call'
/usr/local/bundle/ruby/3.4.0/gems/rack-3.1.19/lib/rack/mock_request.rb:76:in 'Rack::MockRequest#request'
/usr/local/bundle/ruby/3.4.0/gems/rack-3.1.19/lib/rack/mock_request.rb:49:in 'Rack::MockRequest#get'
/usr/local/bundle/ruby/3.4.0/gems/middleman-core-4.6.2/lib/middleman-core/builder.rb:233:in 'block in Middleman::Builder#output_resource'
/usr/local/bundle/ruby/3.4.0/gems/activesupport-8.1.1/lib/active_support/notifications.rb:212:in 'ActiveSupport::Notifications.instrument'
/usr/local/bundle/ruby/3.4.0/gems/middleman-core-4.6.2/lib/middleman-core/util.rb:26:in 'Middleman::Util.instrument'
/usr/local/bundle/ruby/3.4.0/gems/middleman-core-4.6.2/lib/middleman-core/builder.rb:226:in 'Middleman::Builder#output_resource'
/usr/local/bundle/ruby/3.4.0/gems/contracts-0.17.3/lib/contracts/method_reference.rb:45:in 'Contracts::MethodReference#send_to'
/usr/local/bundle/ruby/3.4.0/gems/contracts-0.17.3/lib/contracts/call_with.rb:107:in 'Contracts::CallWith#call_with_inner'
/usr/local/bundle/ruby/3.4.0/gems/contracts-0.17.3/lib/contracts/method_handler.rb:137:in 'block (2 levels) in Middleman::Builder#redefine_method'
/usr/local/bundle/ruby/3.4.0/gems/contracts-0.17.3/lib/contracts/method_handler.rb:136:in 'Array#each'
/usr/local/bundle/ruby/3.4.0/gems/contracts-0.17.3/lib/contracts/method_handler.rb:136:in 'block in Middleman::Builder#redefine_method'
/usr/local/bundle/ruby/3.4.0/gems/parallel-1.27.0/lib/parallel.rb:650:in 'Parallel.call_with_index'
/usr/local/bundle/ruby/3.4.0/gems/parallel-1.27.0/lib/parallel.rb:620:in 'Parallel.process_incoming_jobs'
/usr/local/bundle/ruby/3.4.0/gems/parallel-1.27.0/lib/parallel.rb:600:in 'block in Parallel.worker'
/usr/local/bundle/ruby/3.4.0/gems/parallel-1.27.0/lib/parallel.rb:591:in 'Process.fork'
/usr/local/bundle/ruby/3.4.0/gems/parallel-1.27.0/lib/parallel.rb:591:in 'Parallel.worker'
/usr/local/bundle/ruby/3.4.0/gems/parallel-1.27.0/lib/parallel.rb:582:in 'block in Parallel.create_workers'
/usr/local/bundle/ruby/3.4.0/gems/parallel-1.27.0/lib/parallel.rb:581:in 'Array#each'
/usr/local/bundle/ruby/3.4.0/gems/parallel-1.27.0/lib/parallel.rb:581:in 'Enumerable#each_with_index'
/usr/local/bundle/ruby/3.4.0/gems/parallel-1.27.0/lib/parallel.rb:581:in 'Parallel.create_workers'
/usr/local/bundle/ruby/3.4.0/gems/parallel-1.27.0/lib/parallel.rb:520:in 'Parallel.work_in_processes'
/usr/local/bundle/ruby/3.4.0/gems/parallel-1.27.0/lib/parallel.rb:291:in 'Parallel.map'
/usr/local/bundle/ruby/3.4.0/gems/middleman-core-4.6.2/lib/middleman-core/builder.rb:138:in 'Middleman::Builder#output_resources'
/usr/local/bundle/ruby/3.4.0/gems/contracts-0.17.3/lib/contracts/method_reference.rb:45:in 'Contracts::MethodReference#send_to'
/usr/local/bundle/ruby/3.4.0/gems/contracts-0.17.3/lib/contracts/call_with.rb:107:in 'Contracts::CallWith#call_with_inner'
/usr/local/bundle/ruby/3.4.0/gems/contracts-0.17.3/lib/contracts/method_handler.rb:137:in 'block (2 levels) in Middleman::Builder#redefine_method'
/usr/local/bundle/ruby/3.4.0/gems/contracts-0.17.3/lib/contracts/method_handler.rb:136:in 'Array#each'
/usr/local/bundle/ruby/3.4.0/gems/contracts-0.17.3/lib/contracts/method_handler.rb:136:in 'block in Middleman::Builder#redefine_method'
/usr/local/bundle/ruby/3.4.0/gems/middleman-core-4.6.2/lib/middleman-core/builder.rb:132:in 'Middleman::Builder#output_files'
/usr/local/bundle/ruby/3.4.0/gems/contracts-0.17.3/lib/contracts/method_reference.rb:45:in 'Contracts::MethodReference#send_to'
/usr/local/bundle/ruby/3.4.0/gems/contracts-0.17.3/lib/contracts/call_with.rb:107:in 'Contracts::CallWith#call_with_inner'
/usr/local/bundle/ruby/3.4.0/gems/contracts-0.17.3/lib/contracts/method_handler.rb:137:in 'block (2 levels) in Middleman::Builder#redefine_method'
/usr/local/bundle/ruby/3.4.0/gems/contracts-0.17.3/lib/contracts/method_handler.rb:136:in 'Array#each'
/usr/local/bundle/ruby/3.4.0/gems/contracts-0.17.3/lib/contracts/method_handler.rb:136:in 'block in Middleman::Builder#redefine_method'
/usr/local/bundle/ruby/3.4.0/gems/middleman-core-4.6.2/lib/middleman-core/builder.rb:72:in 'block in Middleman::Builder#run!'
/usr/local/bundle/ruby/3.4.0/gems/activesupport-8.1.1/lib/active_support/notifications.rb:212:in 'ActiveSupport::Notifications.instrument'
/usr/local/bundle/ruby/3.4.0/gems/middleman-core-4.6.2/lib/middleman-core/util.rb:26:in 'Middleman::Util.instrument'
/usr/local/bundle/ruby/3.4.0/gems/middleman-core-4.6.2/lib/middleman-core/builder.rb:71:in 'Middleman::Builder#run!'
/usr/local/bundle/ruby/3.4.0/gems/contracts-0.17.3/lib/contracts/method_reference.rb:45:in 'Contracts::MethodReference#send_to'
/usr/local/bundle/ruby/3.4.0/gems/contracts-0.17.3/lib/contracts/call_with.rb:107:in 'Contracts::CallWith#call_with_inner'
/usr/local/bundle/ruby/3.4.0/gems/contracts-0.17.3/lib/contracts/method_handler.rb:137:in 'block (2 levels) in Middleman::Builder#redefine_method'
/usr/local/bundle/ruby/3.4.0/gems/contracts-0.17.3/lib/contracts/method_handler.rb:136:in 'Array#each'
/usr/local/bundle/ruby/3.4.0/gems/contracts-0.17.3/lib/contracts/method_handler.rb:136:in 'block in Middleman::Builder#redefine_method'
/usr/local/bundle/ruby/3.4.0/gems/middleman-cli-4.6.2/lib/middleman-cli/build.rb:84:in 'block in Middleman::Cli::Build#build'
/usr/local/bundle/ruby/3.4.0/gems/activesupport-8.1.1/lib/active_support/notifications.rb:212:in 'ActiveSupport::Notifications.instrument'
/usr/local/bundle/ruby/3.4.0/gems/middleman-core-4.6.2/lib/middleman-core/util.rb:26:in 'Middleman::Util.instrument'
/usr/local/bundle/ruby/3.4.0/gems/middleman-cli-4.6.2/lib/middleman-cli/build.rb:83:in 'Middleman::Cli::Build#build'
/usr/local/bundle/ruby/3.4.0/gems/thor-1.4.0/lib/thor/command.rb:28:in 'Thor::Command#run'
/usr/local/bundle/ruby/3.4.0/gems/thor-1.4.0/lib/thor/invocation.rb:127:in 'Thor::Invocation#invoke_command'
/usr/local/bundle/ruby/3.4.0/gems/thor-1.4.0/lib/thor/invocation.rb:134:in 'block in Thor::Invocation#invoke_all'
/usr/local/bundle/ruby/3.4.0/gems/thor-1.4.0/lib/thor/invocation.rb:134:in 'Hash#each'
/usr/local/bundle/ruby/3.4.0/gems/thor-1.4.0/lib/thor/invocation.rb:134:in 'Enumerable#map'
/usr/local/bundle/ruby/3.4.0/gems/thor-1.4.0/lib/thor/invocation.rb:134:in 'Thor::Invocation#invoke_all'
/usr/local/bundle/ruby/3.4.0/gems/thor-1.4.0/lib/thor/group.rb:243:in 'Thor::Group.dispatch'
/usr/local/bundle/ruby/3.4.0/gems/thor-1.4.0/lib/thor/invocation.rb:116:in 'Thor::Invocation#invoke'
/usr/local/bundle/ruby/3.4.0/gems/thor-1.4.0/lib/thor.rb:40:in 'block in Middleman::Cli::Base#register'
/usr/local/bundle/ruby/3.4.0/gems/thor-1.4.0/lib/thor/command.rb:28:in 'Thor::Command#run'
/usr/local/bundle/ruby/3.4.0/gems/thor-1.4.0/lib/thor/invocation.rb:127:in 'Thor::Invocation#invoke_command'
/usr/local/bundle/ruby/3.4.0/gems/thor-1.4.0/lib/thor.rb:538:in 'Thor.dispatch'
/usr/local/bundle/ruby/3.4.0/gems/thor-1.4.0/lib/thor/base.rb:584:in 'Thor::Base::ClassMethods#start'
/usr/local/bundle/ruby/3.4.0/gems/middleman-cli-4.6.2/bin/middleman:70:in '<top (required)>'
/usr/local/bundle/ruby/3.4.0/bin/middleman:25:in 'Kernel#load'
/usr/local/bundle/ruby/3.4.0/bin/middleman:25:in '<top (required)>'
/usr/local/lib/ruby/3.4.0/bundler/cli/exec.rb:59:in 'Kernel.load'
/usr/local/lib/ruby/3.4.0/bundler/cli/exec.rb:59:in 'Bundler::CLI::Exec#kernel_load'
/usr/local/lib/ruby/3.4.0/bundler/cli/exec.rb:23:in 'Bundler::CLI::Exec#run'
/usr/local/lib/ruby/3.4.0/bundler/cli.rb:452:in 'Bundler::CLI#exec'
/usr/local/lib/ruby/3.4.0/bundler/vendor/thor/lib/thor/command.rb:28:in 'Bundler::Thor::Command#run'
/usr/local/lib/ruby/3.4.0/bundler/vendor/thor/lib/thor/invocation.rb:127:in 'Bundler::Thor::Invocation#invoke_command'
/usr/local/lib/ruby/3.4.0/bundler/vendor/thor/lib/thor.rb:538:in 'Bundler::Thor.dispatch'
/usr/local/lib/ruby/3.4.0/bundler/cli.rb:35:in 'Bundler::CLI.dispatch'
/usr/local/lib/ruby/3.4.0/bundler/vendor/thor/lib/thor/base.rb:584:in 'Bundler::Thor::Base::ClassMethods#start'
/usr/local/lib/ruby/3.4.0/bundler/cli.rb:29:in 'Bundler::CLI.start'
/usr/local/lib/ruby/gems/3.4.0/gems/bundler-2.6.9/exe/bundle:28:in 'block in <top (required)>'
/usr/local/lib/ruby/3.4.0/bundler/friendly_errors.rb:117:in 'Bundler.with_friendly_errors'
/usr/local/lib/ruby/gems/3.4.0/gems/bundler-2.6.9/exe/bundle:20:in '<top (required)>'
/usr/local/bundle/bin/bundle:108:in 'Kernel#load'
/usr/local/bundle/bin/bundle:108:in '<main>'
       error  build/2020-02-nokkur-grunnatridi/index.html
uninitialized constant #<Class:#<Middleman::ConfigContext:0x0000ffff843820a0>>::Uglifier
/app/config.rb:74:in 'block (2 levels) in Middleman::Application#evaluate_configuration!'
/usr/local/bundle/ruby/3.4.0/gems/middleman-core-4.6.2/lib/middleman-core/extensions/minify_javascript.rb:46:in 'Middleman::Extensions::MinifyJavascript::Rack#initialize'
/usr/local/bundle/ruby/3.4.0/gems/contracts-0.17.3/lib/contracts/method_reference.rb:45:in 'Contracts::MethodReference#send_to'
/usr/local/bundle/ruby/3.4.0/gems/contracts-0.17.3/lib/contracts/call_with.rb:107:in 'Contracts::CallWith#call_with_inner'
/usr/local/bundle/ruby/3.4.0/gems/contracts-0.17.3/lib/contracts/method_handler.rb:137:in 'block (2 levels) in Middleman::Extensions::MinifyJavascript::Rack#redefine_method'
/usr/local/bundle/ruby/3.4.0/gems/contracts-0.17.3/lib/contracts/method_handler.rb:136:in 'Array#each'
/usr/local/bundle/ruby/3.4.0/gems/contracts-0.17.3/lib/contracts/method_handler.rb:136:in 'block in Middleman::Extensions::MinifyJavascript::Rack#redefine_method'
/usr/local/bundle/ruby/3.4.0/gems/rack-3.1.19/lib/rack/builder.rb:164:in 'Class#new'
/usr/local/bundle/ruby/3.4.0/gems/rack-3.1.19/lib/rack/builder.rb:164:in 'block in Rack::Builder#use'
/usr/local/bundle/ruby/3.4.0/gems/rack-3.1.19/lib/rack/builder.rb:268:in 'block in Rack::Builder#to_app'
/usr/local/bundle/ruby/3.4.0/gems/rack-3.1.19/lib/rack/builder.rb:268:in 'Array#each'
/usr/local/bundle/ruby/3.4.0/gems/rack-3.1.19/lib/rack/builder.rb:268:in 'Enumerable#inject'
/usr/local/bundle/ruby/3.4.0/gems/rack-3.1.19/lib/rack/builder.rb:268:in 'Rack::Builder#to_app'
/usr/local/bundle/ruby/3.4.0/gems/rack-3.1.19/lib/rack/builder.rb:277:in 'Rack::Builder#call'
/usr/local/bundle/ruby/3.4.0/gems/rack-3.1.19/lib/rack/mock_request.rb:76:in 'Rack::MockRequest#request'
/usr/local/bundle/ruby/3.4.0/gems/rack-3.1.19/lib/rack/mock_request.rb:49:in 'Rack::MockRequest#get'
/usr/local/bundle/ruby/3.4.0/gems/middleman-core-4.6.2/lib/middleman-core/builder.rb:233:in 'block in Middleman::Builder#output_resource'
/usr/local/bundle/ruby/3.4.0/gems/activesupport-8.1.1/lib/active_support/notifications.rb:212:in 'ActiveSupport::Notifications.instrument'
/usr/local/bundle/ruby/3.4.0/gems/middleman-core-4.6.2/lib/middleman-core/util.rb:26:in 'Middleman::Util.instrument'
/usr/local/bundle/ruby/3.4.0/gems/middleman-core-4.6.2/lib/middleman-core/builder.rb:226:in 'Middleman::Builder#output_resource'
/usr/local/bundle/ruby/3.4.0/gems/contracts-0.17.3/lib/contracts/method_reference.rb:45:in 'Contracts::MethodReference#send_to'
/usr/local/bundle/ruby/3.4.0/gems/contracts-0.17.3/lib/contracts/call_with.rb:107:in 'Contracts::CallWith#call_with_inner'
/usr/local/bundle/ruby/3.4.0/gems/contracts-0.17.3/lib/contracts/method_handler.rb:137:in 'block (2 levels) in Middleman::Builder#redefine_method'
/usr/local/bundle/ruby/3.4.0/gems/contracts-0.17.3/lib/contracts/method_handler.rb:136:in 'Array#each'
/usr/local/bundle/ruby/3.4.0/gems/contracts-0.17.3/lib/contracts/method_handler.rb:136:in 'block in Middleman::Builder#redefine_method'
/usr/local/bundle/ruby/3.4.0/gems/parallel-1.27.0/lib/parallel.rb:650:in 'Parallel.call_with_index'
/usr/local/bundle/ruby/3.4.0/gems/parallel-1.27.0/lib/parallel.rb:620:in 'Parallel.process_incoming_jobs'
/usr/local/bundle/ruby/3.4.0/gems/parallel-1.27.0/lib/parallel.rb:600:in 'block in Parallel.worker'
/usr/local/bundle/ruby/3.4.0/gems/parallel-1.27.0/lib/parallel.rb:591:in 'Process.fork'
/usr/local/bundle/ruby/3.4.0/gems/parallel-1.27.0/lib/parallel.rb:591:in 'Parallel.worker'
/usr/local/bundle/ruby/3.4.0/gems/parallel-1.27.0/lib/parallel.rb:582:in 'block in Parallel.create_workers'
/usr/local/bundle/ruby/3.4.0/gems/parallel-1.27.0/lib/parallel.rb:581:in 'Array#each'
/usr/local/bundle/ruby/3.4.0/gems/parallel-1.27.0/lib/parallel.rb:581:in 'Enumerable#each_with_index'
/usr/local/bundle/ruby/3.4.0/gems/parallel-1.27.0/lib/parallel.rb:581:in 'Parallel.create_workers'
/usr/local/bundle/ruby/3.4.0/gems/parallel-1.27.0/lib/parallel.rb:520:in 'Parallel.work_in_processes'
/usr/local/bundle/ruby/3.4.0/gems/parallel-1.27.0/lib/parallel.rb:291:in 'Parallel.map'
/usr/local/bundle/ruby/3.4.0/gems/middleman-core-4.6.2/lib/middleman-core/builder.rb:138:in 'Middleman::Builder#output_resources'
/usr/local/bundle/ruby/3.4.0/gems/contracts-0.17.3/lib/contracts/method_reference.rb:45:in 'Contracts::MethodReference#send_to'
/usr/local/bundle/ruby/3.4.0/gems/contracts-0.17.3/lib/contracts/call_with.rb:107:in 'Contracts::CallWith#call_with_inner'
/usr/local/bundle/ruby/3.4.0/gems/contracts-0.17.3/lib/contracts/method_handler.rb:137:in 'block (2 levels) in Middleman::Builder#redefine_method'
/usr/local/bundle/ruby/3.4.0/gems/contracts-0.17.3/lib/contracts/method_handler.rb:136:in 'Array#each'
/usr/local/bundle/ruby/3.4.0/gems/contracts-0.17.3/lib/contracts/method_handler.rb:136:in 'block in Middleman::Builder#redefine_method'
/usr/local/bundle/ruby/3.4.0/gems/middleman-core-4.6.2/lib/middleman-core/builder.rb:132:in 'Middleman::Builder#output_files'
/usr/local/bundle/ruby/3.4.0/gems/contracts-0.17.3/lib/contracts/method_reference.rb:45:in 'Contracts::MethodReference#send_to'
/usr/local/bundle/ruby/3.4.0/gems/contracts-0.17.3/lib/contracts/call_with.rb:107:in 'Contracts::CallWith#call_with_inner'
/usr/local/bundle/ruby/3.4.0/gems/contracts-0.17.3/lib/contracts/method_handler.rb:137:in 'block (2 levels) in Middleman::Builder#redefine_method'
/usr/local/bundle/ruby/3.4.0/gems/contracts-0.17.3/lib/contracts/method_handler.rb:136:in 'Array#each'
/usr/local/bundle/ruby/3.4.0/gems/contracts-0.17.3/lib/contracts/method_handler.rb:136:in 'block in Middleman::Builder#redefine_method'
/usr/local/bundle/ruby/3.4.0/gems/middleman-core-4.6.2/lib/middleman-core/builder.rb:72:in 'block in Middleman::Builder#run!'
/usr/local/bundle/ruby/3.4.0/gems/activesupport-8.1.1/lib/active_support/notifications.rb:212:in 'ActiveSupport::Notifications.instrument'
/usr/local/bundle/ruby/3.4.0/gems/middleman-core-4.6.2/lib/middleman-core/util.rb:26:in 'Middleman::Util.instrument'
/usr/local/bundle/ruby/3.4.0/gems/middleman-core-4.6.2/lib/middleman-core/builder.rb:71:in 'Middleman::Builder#run!'
/usr/local/bundle/ruby/3.4.0/gems/contracts-0.17.3/lib/contracts/method_reference.rb:45:in 'Contracts::MethodReference#send_to'
/usr/local/bundle/ruby/3.4.0/gems/contracts-0.17.3/lib/contracts/call_with.rb:107:in 'Contracts::CallWith#call_with_inner'
/usr/local/bundle/ruby/3.4.0/gems/contracts-0.17.3/lib/contracts/method_handler.rb:137:in 'block (2 levels) in Middleman::Builder#redefine_method'
/usr/local/bundle/ruby/3.4.0/gems/contracts-0.17.3/lib/contracts/method_handler.rb:136:in 'Array#each'
/usr/local/bundle/ruby/3.4.0/gems/contracts-0.17.3/lib/contracts/method_handler.rb:136:in 'block in Middleman::Builder#redefine_method'
/usr/local/bundle/ruby/3.4.0/gems/middleman-cli-4.6.2/lib/middleman-cli/build.rb:84:in 'block in Middleman::Cli::Build#build'
/usr/local/bundle/ruby/3.4.0/gems/activesupport-8.1.1/lib/active_support/notifications.rb:212:in 'ActiveSupport::Notifications.instrument'
/usr/local/bundle/ruby/3.4.0/gems/middleman-core-4.6.2/lib/middleman-core/util.rb:26:in 'Middleman::Util.instrument'
/usr/local/bundle/ruby/3.4.0/gems/middleman-cli-4.6.2/lib/middleman-cli/build.rb:83:in 'Middleman::Cli::Build#build'
/usr/local/bundle/ruby/3.4.0/gems/thor-1.4.0/lib/thor/command.rb:28:in 'Thor::Command#run'
/usr/local/bundle/ruby/3.4.0/gems/thor-1.4.0/lib/thor/invocation.rb:127:in 'Thor::Invocation#invoke_command'
/usr/local/bundle/ruby/3.4.0/gems/thor-1.4.0/lib/thor/invocation.rb:134:in 'block in Thor::Invocation#invoke_all'
/usr/local/bundle/ruby/3.4.0/gems/thor-1.4.0/lib/thor/invocation.rb:134:in 'Hash#each'
/usr/local/bundle/ruby/3.4.0/gems/thor-1.4.0/lib/thor/invocation.rb:134:in 'Enumerable#map'
/usr/local/bundle/ruby/3.4.0/gems/thor-1.4.0/lib/thor/invocation.rb:134:in 'Thor::Invocation#invoke_all'
/usr/local/bundle/ruby/3.4.0/gems/thor-1.4.0/lib/thor/group.rb:243:in 'Thor::Group.dispatch'
/usr/local/bundle/ruby/3.4.0/gems/thor-1.4.0/lib/thor/invocation.rb:116:in 'Thor::Invocation#invoke'
/usr/local/bundle/ruby/3.4.0/gems/thor-1.4.0/lib/thor.rb:40:in 'block in Middleman::Cli::Base#register'
/usr/local/bundle/ruby/3.4.0/gems/thor-1.4.0/lib/thor/command.rb:28:in 'Thor::Command#run'
/usr/local/bundle/ruby/3.4.0/gems/thor-1.4.0/lib/thor/invocation.rb:127:in 'Thor::Invocation#invoke_command'
/usr/local/bundle/ruby/3.4.0/gems/thor-1.4.0/lib/thor.rb:538:in 'Thor.dispatch'
/usr/local/bundle/ruby/3.4.0/gems/thor-1.4.0/lib/thor/base.rb:584:in 'Thor::Base::ClassMethods#start'
/usr/local/bundle/ruby/3.4.0/gems/middleman-cli-4.6.2/bin/middleman:70:in '<top (required)>'
/usr/local/bundle/ruby/3.4.0/bin/middleman:25:in 'Kernel#load'
/usr/local/bundle/ruby/3.4.0/bin/middleman:25:in '<top (required)>'
/usr/local/lib/ruby/3.4.0/bundler/cli/exec.rb:59:in 'Kernel.load'
/usr/local/lib/ruby/3.4.0/bundler/cli/exec.rb:59:in 'Bundler::CLI::Exec#kernel_load'
/usr/local/lib/ruby/3.4.0/bundler/cli/exec.rb:23:in 'Bundler::CLI::Exec#run'
/usr/local/lib/ruby/3.4.0/bundler/cli.rb:452:in 'Bundler::CLI#exec'
/usr/local/lib/ruby/3.4.0/bundler/vendor/thor/lib/thor/command.rb:28:in 'Bundler::Thor::Command#run'
/usr/local/lib/ruby/3.4.0/bundler/vendor/thor/lib/thor/invocation.rb:127:in 'Bundler::Thor::Invocation#invoke_command'
/usr/local/lib/ruby/3.4.0/bundler/vendor/thor/lib/thor.rb:538:in 'Bundler::Thor.dispatch'
/usr/local/lib/ruby/3.4.0/bundler/cli.rb:35:in 'Bundler::CLI.dispatch'
/usr/local/lib/ruby/3.4.0/bundler/vendor/thor/lib/thor/base.rb:584:in 'Bundler::Thor::Base::ClassMethods#start'
/usr/local/lib/ruby/3.4.0/bundler/cli.rb:29:in 'Bundler::CLI.start'
/usr/local/lib/ruby/gems/3.4.0/gems/bundler-2.6.9/exe/bundle:28:in 'block in <top (required)>'
/usr/local/lib/ruby/3.4.0/bundler/friendly_errors.rb:117:in 'Bundler.with_friendly_errors'
/usr/local/lib/ruby/gems/3.4.0/gems/bundler-2.6.9/exe/bundle:20:in '<top (required)>'
/usr/local/bundle/bin/bundle:108:in 'Kernel#load'
/usr/local/bundle/bin/bundle:108:in '<main>'
   identical  build/files/Olafur-Gudmundsson-CV-English.pdf
There were errors during this build

